id,house,course,sex,population,blood status,week 1,week 2,week 3,week 4,week 5,week 6,week 7,week 8,week 9,week 10,week 11,week 12,week 13,week 14,week 15,week 16,week 17,week 18,week 19,week 20,week 21,week 22,week 23,week 24,week 25,week 26,week 27,week 28,week 29,week 30,week 31,week 32,week 33,week 34,week 35,week 36,week 37,week 38,week 39,week 40,result,uspevaemost,Transfiguration exam,Potions exam,Herbology exam,Defence against the dark arts exam,History of magic exam,Divinations exam,Astronomy exam,Arythmancy exam,Care of magical creatures exam,Muggle studies exam,Study of ancient runs exam,Flying exam,Charms exam
11,Gryffindor,4,male,1,Half-blood,-20,10,10,-20,-5,10,-10,-10,-20,-10,-5,-5,-20,5,5,5,-5,10,10,-10,5,-5,-20,-10,-10,-20,-5,0,0,-20,-20,-5,-5,0,0,-5,-10,-20,-5,-20,-250,1,59,100,60,27,54,100,17,45,58,100,10,22,70.91471086268726
13,Gryffindor,5,male,1,Pure-blood,10,-10,0,-10,0,0,-10,-10,5,0,-5,-20,0,-20,-10,-20,-20,-5,5,5,-20,-10,-20,5,-10,-20,5,-20,-10,-10,10,-20,-20,-10,-10,-10,0,-10,-5,-10,-310,4,72,32,70,42,36,86,15,88,79,75,25,80,69.82300576567636
25,Gryffindor,7,female,1,Pure-blood,-20,-10,-5,-10,-5,-5,-10,5,-20,0,-10,0,-5,10,-20,-5,-20,-5,-20,-5,0,-20,-5,10,-5,-10,-5,-20,-20,-20,-20,-20,-20,10,10,20,-10,-5,-20,-20,-330,3,46,60,45,58,68,48,59,64,77,95,38,75,42.300814413999895
29,Gryffindor,3,male,1,Half-blood,-20,10,0,0,0,-20,-5,-20,-10,-20,-20,-20,-20,-5,-5,-10,0,-5,5,-5,-20,0,-20,10,-5,-10,-5,10,0,-10,-20,-20,20,-10,-10,-5,-20,-20,-20,-20,-345,3,64,47,64,78,70,55,82,68,44,33,60,52,23.7589320716581
61,Gryffindor,4,male,1,Half-blood,10,-5,-20,-20,-20,5,-10,0,0,-10,0,-20,10,5,-20,-10,-20,-20,-5,-10,-10,0,-10,-5,0,-20,-10,-20,-20,0,-20,0,0,-5,-20,-5,0,-5,-5,-10,-325,4,70,23,92,40,67,100,64,51,93,55,55,100,89.40029341577095
84,Gryffindor,2,female,1,Half-blood,-10,5,-5,-5,-10,0,-10,-20,-5,5,-10,-10,-5,-10,0,-20,-10,-5,10,-5,0,5,5,-10,5,10,-20,-10,5,0,-10,-10,-10,-20,-10,-10,20,-5,-20,10,-195,4,62,16,56,49,39,79,81,100,91,82,65,100,51.06181915137196
86,Gryffindor,7,female,1,Half-blood,-20,-10,-20,-20,5,-10,0,-5,0,5,-10,-10,-20,-20,-20,-10,-5,-20,-10,-5,-5,0,0,-20,0,0,-20,0,-5,-20,-5,-20,-10,0,0,-10,-10,-10,5,0,-335,3,15,18,42,93,100,69,56,93,80,90,24,68,17.432270298818082
119,Gryffindor,5,male,1,Muggle-borned,0,-10,-5,-5,-20,-20,10,-20,-10,-20,-20,0,-20,5,0,-5,-20,-20,-5,-10,-20,-5,-5,10,-20,5,0,-20,10,-20,-20,-20,5,5,-20,0,0,5,5,-10,-310,3,81,100,82,71,36,63,64,41,61,57,79,55,90.0347495547086
130,Gryffindor,6,female,1,Half-blood,5,-20,-20,0,0,-20,5,-5,10,-10,-10,5,10,-10,-5,-20,-10,10,-10,-20,-10,-20,5,-20,5,-20,-10,-10,-20,10,10,0,-10,-10,-20,0,-10,-10,-20,-10,-285,5,100,83,100,100,100,69,100,90,100,100,62,78,94.53793588556412
155,Gryffindor,4,male,1,Pure-blood,0,-10,-5,-5,-10,-5,5,10,-10,5,-5,-5,-10,-10,-10,-10,-20,5,0,-20,-5,10,-20,-10,0,-20,-10,-5,-10,-20,-10,-5,-5,-20,-5,-20,5,-10,5,-10,-275,3,45,41,48,68,49,78,72,45,74,31,96,55,47.37019969560373
229,Gryffindor,5,female,1,Muggle-borned,-5,-20,0,-10,5,-20,-20,-5,-5,-10,5,-10,-10,-5,5,-10,10,-20,-10,-10,0,10,-10,-10,-10,-10,0,-10,0,-5,-20,-10,-5,0,-10,10,0,10,-10,-10,-235,3,54,2,42,38,100,68,54,23,88,96,57,91,56.117104326739735
237,Gryffindor,5,male,1,Muggle-borned,-20,-10,5,-10,-5,-20,0,-20,-20,0,0,-20,-20,-20,-5,-5,10,-5,-10,-5,-10,-5,-20,-10,-20,-5,-20,-20,-10,10,10,-20,-5,-20,0,5,0,-10,-20,-20,-370,3,36,100,42,100,80,70,67,81,90,40,49,51,50.44585723825732
238,Gryffindor,7,male,1,Pure-blood,0,-10,-5,-5,0,-20,-20,0,-20,-20,0,0,-20,-20,0,5,0,-5,10,-10,-20,-5,-5,0,-20,0,-5,5,-20,-5,-20,0,-5,-10,-5,-10,-5,-20,-5,-5,-300,3,46,59,56,63,53,30,59,72,69,44,84,74,32.676980117051556
3,Gryffindor,5,male,2,Muggle-borned,-20,-5,10,-10,10,5,-5,-20,-10,5,-10,5,0,10,-5,-5,0,-5,10,0,-20,-20,0,10,-20,-5,-20,-20,0,5,-10,10,5,5,5,5,-10,0,0,-5,-125,4,67,54,58,100,26,62,63,50,73,62,67,84,86.20896349698432
19,Gryffindor,1,male,2,Muggle-borned,5,5,-10,0,-5,-5,-10,0,-5,-20,5,-10,-5,0,-5,-20,0,-20,-5,-5,0,0,5,5,0,-5,-5,0,5,-10,5,-10,-20,-5,-10,-10,-20,10,-5,0,-180,3,54,43,58,57,100,60,71,49,82,82,51,33,77.54586068675117
26,Gryffindor,3,male,2,Half-blood,5,5,-5,0,0,5,-10,0,0,-10,-10,-20,-20,5,0,5,0,-5,-5,-5,-5,10,-20,-20,20,-5,-20,-20,0,-5,-5,-10,0,0,5,5,-5,-20,-10,5,-165,2,52,18,68,31,40,44,34,46,25,55,39,62,58.28324343477338
34,Gryffindor,3,male,2,Half-blood,0,-5,-20,5,5,0,5,0,-5,10,-20,-5,10,10,-10,0,0,-5,-10,-10,0,-10,-10,-10,0,5,-10,0,-20,0,-10,5,-5,0,0,0,-10,-5,-10,10,-125,2,38,100,28,33,38,85,48,15,85,20,37,66,40.17112893213823
44,Gryffindor,4,male,2,Muggle-borned,10,5,5,-20,-5,-10,-5,-10,10,-5,-20,5,-10,-10,-10,10,5,-10,-10,-5,5,10,5,-5,-5,-10,5,-5,5,0,5,-10,5,-5,0,-10,0,-10,0,-10,-110,2,81,100,59,36,56,35,51,50,33,65,39,36,96.60408940860745
101,Gryffindor,3,female,2,Half-blood,0,0,-20,0,5,-20,-5,0,0,0,-10,-5,5,5,5,0,-10,0,5,-5,-20,-5,10,-5,-5,0,0,0,-10,0,0,-5,-10,5,-5,5,5,-10,10,0,-90,4,56,31,57,69,95,100,100,85,99,58,74,100,55.55096145415766
105,Gryffindor,2,male,2,Half-blood,0,0,5,10,10,-20,-20,-5,5,-10,-5,0,-5,-10,5,0,-5,10,5,0,-5,-20,-5,-10,-20,0,0,10,-5,0,-20,5,5,0,-5,5,0,0,-5,-10,-110,2,15,100,45,54,37,100,14,31,85,45,51,33,2.056635542495844
107,Gryffindor,5,female,2,Half-blood,5,-10,0,0,5,-5,-5,10,-10,-5,-20,-10,5,0,0,-10,10,0,-5,-20,5,-10,0,-10,-5,5,5,10,5,0,-10,-5,5,5,5,0,-5,-5,-20,5,-85,3,80,47,96,88,73,51,45,58,100,37,48,58,100
109,Gryffindor,1,female,2,Muggle-borned,0,-5,5,0,-5,20,5,5,0,5,5,-5,0,-10,5,-20,-5,5,-20,-10,-20,-10,-5,0,5,-20,-10,0,5,-5,-10,-20,5,-20,10,-10,10,-10,10,-5,-125,3,32,100,78,100,49,49,100,82,61,100,49,100,74.55815411949607
136,Gryffindor,4,male,2,Pure-blood,-20,-20,0,-10,-10,-10,0,10,-10,-10,-10,-5,5,5,-10,10,-10,5,-5,-5,5,0,-5,20,0,-10,-10,-10,-5,-20,5,0,0,-5,0,0,-5,-5,5,-10,-150,1,8,100,23,60,51,1,30,27,22,100,38,100,100
146,Gryffindor,1,male,2,Half-blood,-20,-10,-5,5,-10,5,-5,-10,5,5,0,5,-5,5,-20,-20,-20,-10,-20,0,10,-20,-5,-5,10,-20,0,0,0,0,0,0,-5,-5,5,5,-5,0,0,0,-160,3,18,50,56,66,18,39,86,100,67,63,59,27,8.644371592475917
149,Gryffindor,5,male,2,Half-blood,0,5,0,0,-10,-5,0,10,-5,-10,-20,5,5,-5,10,0,-5,0,-5,-5,-10,-5,-10,-10,0,5,0,-10,-5,10,0,-5,10,-5,5,-20,0,0,5,0,-80,3,27,54,90,100,72,85,39,100,54,82,14,98,36.776232401185105
150,Gryffindor,3,male,2,Muggle-borned,0,-10,-10,-5,10,10,0,-20,-5,0,0,-5,-10,-5,-10,5,-20,-10,-5,-10,10,-5,-5,-5,-5,5,-5,0,5,10,0,-5,-5,-5,-5,-10,-10,10,0,-5,-130,1,23,100,1,9,57,46,43,2,100,6,48,55,0.926339946392666
162,Gryffindor,7,male,2,Muggle-borned,-10,0,0,-5,5,-10,5,-10,-5,0,5,0,-5,0,-5,0,-20,-5,10,-5,-20,-10,-10,5,0,-20,5,10,5,0,-5,-10,0,0,-5,-10,-20,-20,-10,5,-165,4,87,75,56,72,100,46,62,97,32,100,51,99,79.91711610211972
168,Gryffindor,3,male,2,Pure-blood,5,-5,10,0,0,-5,-5,0,0,0,0,-20,10,0,-10,-10,5,-10,0,-5,0,0,-5,-5,0,-5,5,-10,-10,10,-10,0,-5,-5,5,5,0,5,5,5,-55,1,39,100,45,1,18,39,60,35,100,44,56,22,44.29840556135079
181,Gryffindor,2,male,2,Half-blood,-10,5,-10,0,0,-5,0,-20,-10,-5,0,0,0,-10,-10,-10,10,5,-5,5,0,5,0,-10,-10,0,20,0,5,10,-10,5,5,-5,0,-10,-10,5,0,-20,-90,3,54,12,60,51,19,34,62,54,51,97,34,72,79.68731912438578
233,Gryffindor,6,female,2,Muggle-borned,5,-5,5,0,-5,0,10,-5,0,0,-5,-10,5,0,-10,0,5,-20,0,5,10,0,0,-10,-10,0,10,-20,5,0,-10,-10,0,-10,5,10,10,-5,-10,10,-50,4,88,26,37,90,62,100,100,98,94,62,48,58,71.22953309850736
254,Gryffindor,2,female,2,Pure-blood,0,5,-5,5,-5,-20,10,-5,5,-10,0,-5,0,0,-5,5,0,0,-10,10,5,-10,0,5,-20,-20,-5,-5,0,-5,-5,0,-10,-5,0,-20,5,-10,0,-10,-135,3,71,12,47,51,78,93,43,56,45,63,31,67,85.08656306112309
258,Gryffindor,1,female,2,Half-blood,-5,0,-10,5,0,10,5,5,-10,5,0,-5,-5,0,-10,0,-10,5,10,5,-20,0,0,0,-10,-10,-20,-5,0,5,5,0,10,5,10,-20,10,0,-20,-10,-75,3,83,100,100,77,65,84,60,43,33,24,28,100,96.26592657254868
41,Gryffindor,7,female,3,Half-blood,-10,5,0,0,5,-5,0,10,-5,-20,0,0,10,-5,-5,10,0,-5,-20,5,10,0,0,-10,0,-5,-10,5,5,0,-5,-10,10,5,0,-20,5,0,10,10,-30,1,6,100,45,49,100,44,21,17,20,100,34,14,100
80,Gryffindor,5,female,3,Muggle-borned,5,0,-5,0,-5,-5,-5,20,-5,-5,-5,0,-10,-5,0,-5,-10,-10,10,0,-5,10,0,0,10,5,-5,-20,-5,10,0,-10,5,-5,0,5,-20,-5,5,5,-60,2,47,39,47,21,85,58,39,8,69,5,22,29,46.8732338320872
95,Gryffindor,7,female,3,Pure-blood,-10,-10,10,5,0,10,10,-10,20,5,5,5,0,0,0,-5,0,0,5,-5,5,0,5,0,-10,10,-10,0,0,5,-5,5,0,-10,10,-20,0,5,0,5,30,3,40,56,58,81,81,69,63,18,28,51,53,84,34.40005048981206
97,Gryffindor,1,female,3,Half-blood,-5,5,0,10,0,0,-5,-10,5,5,10,10,-20,5,-10,20,-10,-10,-5,0,0,-5,5,-5,20,10,-5,0,0,-10,0,-10,0,-5,5,0,0,-20,10,10,-5,4,80,100,93,100,100,76,80,100,64,46,100,61,85.77637148245317
126,Gryffindor,3,male,3,Pure-blood,-20,-10,0,5,0,0,0,0,5,0,0,5,0,5,0,-10,0,0,0,0,0,0,20,0,5,20,-5,-10,-20,0,0,0,20,10,5,5,10,0,5,5,50,1,100,100,9,37,36,100,10,33,100,23,60,100,100
211,Gryffindor,5,male,3,Pure-blood,-20,10,-5,-20,0,5,0,20,0,0,5,10,0,0,-5,10,5,0,0,5,0,0,0,10,-10,10,-5,0,5,5,-5,-10,-5,0,-5,-5,0,0,-10,0,-5,3,77,60,33,78,37,57,85,19,75,63,13,89,63.512764035292456
217,Gryffindor,5,male,3,Half-blood,-5,-5,-5,5,-10,0,-20,0,0,5,-10,0,10,5,0,0,5,20,-10,0,-5,-5,-10,10,5,5,-20,0,0,-5,-5,5,0,5,-10,-10,0,0,0,0,-55,4,52,38,78,94,67,43,64,99,87,78,45,48,30.671800263651928
240,Gryffindor,6,female,3,Muggle-borned,-5,-5,10,0,5,-5,0,20,20,0,0,0,5,0,0,0,5,5,10,0,-20,10,0,0,0,5,0,0,10,0,-5,-10,-5,0,0,0,-20,-20,0,0,10,3,26,35,11,15,81,54,43,19,35,27,91,65,26.891750621517353
241,Gryffindor,2,female,3,Pure-blood,-20,10,-10,0,5,0,5,0,5,-10,20,5,0,0,-5,5,5,-5,5,10,5,-20,5,-5,0,0,-10,-20,5,0,0,0,-10,0,5,0,-5,-5,0,-10,-40,2,85,33,65,38,77,61,47,51,85,76,13,59,90.71500512413238
244,Gryffindor,5,female,3,Half-blood,10,5,0,0,0,10,0,0,-5,-5,0,-5,0,0,0,0,0,10,-5,0,-20,5,-5,0,10,10,0,-5,10,0,-5,0,10,5,0,0,0,-10,0,0,20,4,98,11,57,76,100,74,100,39,80,70,31,67,87.34972773049705
269,Gryffindor,5,male,3,Half-blood,5,-5,5,10,0,-5,-20,5,0,20,0,0,-5,-5,0,0,0,-5,-5,5,0,-20,10,0,10,-5,5,5,0,5,0,0,-5,0,0,5,0,0,5,-20,-5,3,59,2,0,75,80,69,49,53,0,100,22,55,67.16100110370341
32,Gryffindor,6,male,4,Muggle-borned,0,10,-10,-5,10,-10,5,-10,5,-10,20,0,-5,-10,0,-10,20,10,10,-5,10,5,0,10,5,5,-10,10,0,5,0,20,-5,20,-5,0,0,10,0,5,100,3,91,29,57,50,83,91,59,59,78,100,66,71,100
59,Gryffindor,5,male,4,Muggle-borned,-10,-5,5,5,0,5,-10,5,-10,5,-10,10,10,-5,5,10,-10,-5,10,5,5,20,10,0,0,-10,5,-5,10,5,0,0,20,10,-5,5,0,-5,0,10,85,1,26,100,29,0,31,8,7,29,100,27,42,34,12.069907918799615
91,Gryffindor,7,male,4,Half-blood,10,0,10,0,-5,-20,0,5,0,5,10,5,10,5,0,10,-20,-20,0,5,10,-20,-10,20,5,5,0,10,5,-20,0,5,5,20,5,0,-5,-5,-5,0,35,3,52,100,56,10,80,95,61,37,63,83,85,74,85.33490492083189
124,Gryffindor,5,female,4,Half-blood,5,5,0,-10,0,0,5,0,0,10,5,0,10,5,10,0,5,-10,5,-5,10,0,-10,-20,-10,10,0,-10,10,0,0,5,-10,10,5,5,5,-5,-10,5,30,3,32,16,55,84,72,41,31,46,42,58,73,13,45.63781277967021
141,Gryffindor,7,male,4,Half-blood,-20,0,0,-20,10,10,5,5,10,0,-10,5,-20,-20,5,0,5,-5,-10,10,0,-20,10,0,-5,0,0,10,5,10,-5,-5,0,10,5,10,5,-5,-5,10,-10,3,60,60,66,74,55,53,60,84,53,16,83,40,72.20650620592757
177,Gryffindor,7,female,4,Half-blood,0,5,0,-5,-5,20,-10,0,10,-10,10,20,5,5,10,0,5,-10,5,-10,5,-10,10,5,10,0,10,5,5,-10,5,10,5,5,5,-5,-10,-10,0,0,80,4,22,54,85,100,100,59,75,99,46,89,47,96,7.335584258420139
197,Gryffindor,3,male,4,Half-blood,0,-20,0,0,20,-5,-10,10,0,5,0,0,10,-5,-10,5,-5,5,5,5,-10,-10,0,5,-10,5,5,20,-5,-20,-10,0,5,-10,0,10,5,0,10,-10,-10,1,31,100,17,17,100,43,60,100,9,15,33,100,31.585877102748412
207,Gryffindor,1,female,4,Half-blood,5,-5,-5,-10,-10,-5,-5,5,5,20,-10,-5,-5,10,0,5,-10,-5,-10,0,-10,-10,5,10,-10,-5,-5,-10,5,-20,0,10,0,20,-10,-5,5,20,10,5,-30,1,36,100,19,29,16,100,6,20,15,26,27,100,58.45493666622123
265,Gryffindor,6,female,4,Muggle-borned,0,-5,10,5,-10,10,10,5,10,-5,10,0,5,-5,10,0,5,-5,-10,0,10,-10,5,0,5,10,0,5,0,5,5,5,-10,10,-10,5,0,5,5,0,85,2,28,100,21,79,72,44,51,37,16,24,26,28,24.44563358780549
278,Gryffindor,2,male,4,Muggle-borned,-10,-20,0,0,20,5,10,5,5,-5,0,5,5,10,5,5,-5,5,5,0,10,-5,0,-5,-10,-10,20,10,10,-20,-10,10,10,-10,10,5,5,10,5,5,85,2,46,100,39,53,65,5,47,85,34,30,78,37,49.181779491901295
56,Gryffindor,6,male,5,Half-blood,20,5,20,20,-10,20,10,20,5,20,10,5,0,10,20,20,0,5,-10,0,20,20,5,-5,0,20,20,10,0,0,0,10,20,20,20,20,-10,-5,20,10,385,2,78,100,21,71,29,49,64,29,67,36,32,31,100
65,Gryffindor,2,female,5,Pure-blood,20,20,20,5,20,20,20,0,5,0,20,20,0,5,5,10,20,10,5,10,0,10,-10,0,0,-10,10,0,0,0,-10,10,10,10,-10,0,0,-5,0,10,250,2,53,100,28,33,55,71,100,46,100,39,19,70,36.80930163529574
67,Gryffindor,5,male,5,Muggle-borned,-5,10,10,10,20,20,0,5,20,-10,-5,20,0,20,5,5,5,0,10,0,0,10,-5,10,-20,10,5,-5,5,0,20,0,20,20,0,20,10,-5,10,-5,240,4,98,14,60,100,78,92,90,99,100,86,71,86,89.17831241649105
73,Gryffindor,6,male,5,Half-blood,5,-5,-10,5,0,5,20,0,-10,10,0,-10,20,10,-5,-5,5,5,0,20,20,20,-5,10,-10,5,10,-20,5,20,-10,20,20,5,0,0,10,20,20,20,220,3,46,15,48,70,100,18,34,52,24,63,86,90,70.00856943674219
98,Gryffindor,3,male,5,Half-blood,-10,0,0,-10,-5,-5,20,10,0,-5,10,10,0,20,-10,20,0,0,-5,0,-10,-10,0,0,20,0,-10,20,10,10,0,5,5,5,0,-5,20,20,-5,5,120,3,66,100,42,38,80,83,34,58,46,76,100,77,68.8642033359562
143,Gryffindor,5,male,5,Half-blood,5,10,5,5,0,20,5,10,-5,0,5,10,5,20,-10,5,5,10,10,10,-10,20,10,0,20,5,0,0,20,10,-5,-5,0,0,0,5,10,5,5,-10,205,1,45,12,54,8,100,14,42,17,45,47,7,11,39.905454801447405
157,Gryffindor,4,male,5,Half-blood,-5,10,10,-10,-5,0,5,5,20,0,20,20,0,5,20,10,20,20,0,-20,20,5,0,0,20,20,10,20,5,20,-10,-5,5,5,0,5,-10,5,5,20,265,2,100,100,84,66,68,36,83,68,6,21,75,44,100
165,Gryffindor,1,male,5,Pure-blood,-10,-10,20,0,10,20,-20,10,5,20,10,0,20,0,0,-5,10,10,10,20,20,-10,0,20,5,-5,0,20,20,-5,10,10,0,0,5,10,5,0,10,10,245,2,100,100,22,47,11,30,23,55,34,37,30,74,100
190,Gryffindor,3,male,5,Half-blood,20,0,10,-5,10,-10,20,-10,5,5,10,5,10,10,20,-10,10,20,-10,20,-10,0,0,0,-5,0,10,-10,20,20,20,10,10,10,10,0,-10,10,-5,0,210,4,61,48,100,87,100,75,48,65,61,70,67,50,68.74153140524494
196,Gryffindor,6,male,5,Half-blood,5,-10,10,10,0,10,5,20,5,20,0,5,20,20,5,5,20,10,0,-5,0,5,0,10,20,0,5,10,20,-5,20,5,10,0,5,-5,5,0,5,0,265,3,38,100,47,26,47,56,83,92,89,48,88,100,33.48621983408117
205,Gryffindor,2,male,5,Half-blood,0,20,0,5,0,5,20,10,0,5,20,10,5,-5,20,20,20,5,-5,-10,20,5,20,10,0,10,0,10,0,5,0,20,0,0,20,0,-5,0,20,-10,270,4,80,35,68,43,97,100,96,43,63,100,63,95,60.41776807205322
210,Gryffindor,4,male,5,Muggle-borned,20,5,-10,20,10,5,10,-10,5,0,0,0,10,20,20,0,5,20,20,0,20,20,20,-5,10,10,-5,0,20,20,-20,0,0,5,20,0,5,20,10,-10,290,4,69,40,33,100,61,62,72,88,68,48,80,93,74.6367716933426
231,Gryffindor,6,male,5,Half-blood,10,0,10,0,10,-5,10,20,10,20,-5,10,5,10,-5,0,0,5,10,10,0,20,-5,20,-10,-10,0,20,10,-5,20,-5,20,20,0,0,20,0,20,5,265,1,23,100,100,100,24,32,24,100,30,29,100,100,19.031549563041793
255,Gryffindor,3,male,5,Half-blood,0,20,0,0,10,10,20,0,0,0,20,0,10,5,20,20,20,5,20,0,5,20,-5,10,5,20,5,-5,0,20,20,5,0,20,5,10,0,10,10,10,345,2,78,18,65,39,58,34,36,37,56,64,10,32,86.77410744125874
256,Gryffindor,1,male,5,Half-blood,20,0,-10,20,10,-5,10,20,20,0,0,10,10,5,10,20,0,-10,0,-5,5,-10,5,0,0,20,20,-10,-5,-10,20,5,10,20,20,0,20,5,0,10,250,2,6,100,67,51,25,54,72,44,70,35,50,63,6.626583100995749
2,Hufflepuff,6,male,2,Muggle-borned,-5,5,0,-5,-10,0,10,-10,0,10,5,0,0,-5,-5,10,0,10,-5,-20,5,-10,-10,5,-5,-5,0,10,5,0,-5,0,-5,-5,0,-10,5,0,0,5,-35,2,54,100,70,51,23,70,17,8,48,26,26,38,43.517081472558516
4,Hufflepuff,7,female,4,Half-blood,-5,0,-5,5,0,-5,10,-10,0,5,0,-5,0,0,0,5,-5,5,-5,0,-5,-5,-10,10,0,5,-5,5,0,0,-5,0,5,0,-10,0,0,0,10,0,-15,4,100,32,95,87,48,47,54,85,99,42,75,87,100
5,Hufflepuff,2,male,1,Muggle-borned,0,10,0,-10,5,10,0,0,5,0,5,-10,0,-5,5,5,0,10,0,0,0,0,0,-10,0,0,-5,5,0,-5,5,5,-10,0,-5,-5,5,0,-5,5,10,4,100,52,60,37,24,100,58,83,98,95,100,73,100
14,Hufflepuff,3,male,5,Half-blood,-5,-10,0,0,5,-5,10,-5,0,-5,0,10,-5,10,-10,0,5,5,-5,0,-5,0,5,5,0,-10,0,0,0,0,-10,0,0,0,5,5,10,10,5,0,15,2,78,100,46,50,25,85,59,49,66,39,65,85,76.30208444531988
15,Hufflepuff,7,female,1,Half-blood,0,-10,0,0,0,-10,-5,10,0,0,-10,-5,0,-5,0,0,-5,0,5,10,0,0,0,-5,-10,-5,0,0,-5,0,-5,-10,0,0,0,0,5,5,5,0,-50,1,49,0,60,13,36,30,8,60,46,38,100,8,38.63056493252718
16,Hufflepuff,4,female,2,Muggle-borned,-5,5,5,0,0,0,-5,10,0,0,0,0,0,0,-5,5,-10,5,0,0,20,0,-5,5,0,5,0,5,-10,-10,5,5,0,0,-5,-10,0,0,10,-5,15,1,8,100,21,30,3,100,42,16,20,0,60,33,20.590535297958766
21,Hufflepuff,3,female,3,Half-blood,-5,0,0,-5,-10,10,5,-5,-5,-5,-5,20,0,-10,0,-10,5,0,0,-5,10,0,0,5,0,0,-10,5,0,5,-5,-5,5,-5,0,5,5,10,10,0,10,4,64,45,69,75,70,44,59,77,51,57,82,44,55.72867499530214
27,Hufflepuff,6,female,2,Half-blood,5,-5,0,10,10,-5,0,5,0,0,-10,-5,0,-5,5,5,-5,0,5,5,-10,0,5,0,-5,0,-10,5,-5,0,-10,0,5,-10,0,0,5,0,0,0,-15,4,100,33,100,79,97,58,58,100,71,31,90,100,100
38,Hufflepuff,6,female,3,Half-blood,5,10,0,-5,-5,0,0,0,10,0,10,0,0,-5,5,0,5,5,5,5,-5,-20,-5,0,5,10,0,-5,0,5,5,5,-5,0,-10,0,0,-5,0,0,20,3,93,7,90,44,77,87,76,18,40,11,22,34,100
40,Hufflepuff,6,female,2,Half-blood,-5,5,-5,0,5,-10,5,-10,10,-5,5,5,-10,-5,5,5,0,-10,0,0,0,5,-5,-5,5,5,0,5,5,0,-5,-10,-5,0,0,0,0,0,0,0,-20,4,51,43,95,66,93,55,49,100,60,62,93,81,46.02441611302245
45,Hufflepuff,3,female,1,Half-blood,-10,-5,0,-10,0,0,-5,-10,0,-5,0,-10,10,-10,5,0,0,-5,0,10,0,5,10,-5,0,0,5,-5,-5,10,5,-5,0,-5,0,-10,-5,0,0,10,-40,1,16,100,100,25,24,32,5,0,100,48,14,21,12.957861718867271
49,Hufflepuff,2,female,4,Half-blood,10,5,0,0,5,10,0,0,-5,-5,10,0,-10,-5,10,0,10,0,-5,5,-10,0,5,0,-5,0,5,-5,5,5,-10,0,0,10,-5,5,5,0,0,5,45,3,100,100,63,96,47,73,11,66,89,100,46,98,91.1667636436815
50,Hufflepuff,2,male,2,Half-blood,-10,0,0,0,5,10,0,0,0,10,0,5,5,5,0,-10,0,5,-10,-5,0,0,5,0,-10,10,-10,10,0,10,0,0,-10,-10,0,5,0,5,10,0,25,3,50,42,68,39,83,38,6,84,44,14,45,90,44.48848747873833
51,Hufflepuff,3,male,1,Half-blood,-5,5,0,-5,-5,-5,0,0,0,5,10,0,10,0,10,5,5,0,0,0,-5,0,-10,5,0,0,-10,-5,0,-5,0,0,0,-5,5,-10,5,10,5,-5,5,3,56,100,85,95,67,67,49,62,46,0,34,69,60.37432487754911
57,Hufflepuff,1,male,2,Muggle-borned,0,-5,-5,5,10,5,0,-5,-10,-5,10,0,5,-5,0,10,0,0,-5,10,0,10,0,0,0,5,0,0,10,0,-5,-10,5,5,-10,10,10,5,10,0,60,4,91,71,82,77,59,69,81,85,55,70,100,38,100
58,Hufflepuff,7,female,2,Pure-blood,0,-5,0,0,0,5,0,10,-10,0,5,0,-10,-10,0,-10,-5,0,0,-10,5,-5,5,-5,0,0,0,5,0,5,-10,5,10,-5,0,0,0,0,0,5,-25,3,75,28,94,58,100,45,22,85,73,85,56,100,79.40597857102085
64,Hufflepuff,4,female,2,Half-blood,-10,0,0,-5,-5,-20,0,5,-5,0,0,10,-5,-10,-5,0,5,0,5,-5,-5,-10,-5,-5,0,5,-10,5,0,10,0,-10,-5,0,-10,-10,-5,-5,10,5,-90,3,51,59,19,32,46,60,29,45,56,63,76,69,46.65002830192142
72,Hufflepuff,2,female,2,Muggle-borned,5,-5,-5,0,0,-10,0,5,-10,0,0,10,5,-5,0,5,10,5,0,5,5,-5,-5,-5,0,-5,-10,10,0,-10,5,10,-5,0,0,5,10,-10,5,10,20,2,74,100,54,51,51,46,47,62,57,57,45,1,100
75,Hufflepuff,6,female,1,Half-blood,-10,10,5,-10,0,0,5,-10,-5,-10,5,-5,-10,10,-5,0,5,0,0,0,0,0,5,5,-5,5,5,10,-5,-5,5,-5,0,10,0,0,0,5,-5,10,10,3,23,37,20,39,35,53,38,74,28,31,42,50,16.760001398322203
76,Hufflepuff,2,female,2,Half-blood,5,-5,0,0,10,0,20,5,0,0,-5,-10,-10,-10,10,-5,0,0,5,5,5,0,0,-5,-5,5,0,0,10,-5,5,5,0,5,-5,-5,-10,0,0,5,20,2,7,100,49,57,32,22,11,100,51,41,42,85,12.509315931336797
77,Hufflepuff,5,male,2,Muggle-borned,0,5,-10,-10,5,0,5,-10,-10,20,5,0,5,-10,5,10,-5,0,0,-5,5,5,-5,0,-10,0,0,5,-5,5,-10,0,0,-10,-5,0,-10,5,0,10,-20,2,62,1,81,64,55,13,24,85,40,2,49,62,65.61401646350018
82,Hufflepuff,2,female,5,Half-blood,-5,0,5,0,-10,-5,-5,5,10,0,5,0,-5,0,0,5,5,10,-5,5,0,5,10,5,5,5,0,-5,-10,0,0,0,10,0,-5,0,5,0,-5,10,45,4,100,5,62,61,100,73,100,100,100,60,98,41,100
88,Hufflepuff,7,male,5,Muggle-borned,-20,-10,10,0,0,-5,0,5,0,5,10,0,0,5,10,-5,10,-5,5,0,0,10,0,20,-5,-10,5,5,0,5,0,5,-5,-10,5,-10,0,-5,0,10,35,2,56,100,85,68,0,60,29,68,26,85,52,59,45.025647593251826
96,Hufflepuff,6,female,5,Half-blood,5,-10,5,0,10,0,5,0,0,10,0,5,0,5,-10,0,5,5,0,10,-10,10,0,0,5,0,-5,0,-10,0,0,5,0,-5,0,0,-20,-10,-10,5,0,3,49,49,47,9,69,46,100,40,53,74,54,67,23.675387339955194
102,Hufflepuff,5,female,1,Pure-blood,0,5,5,-5,5,5,-10,-5,10,-10,5,-5,-5,0,5,0,0,0,10,5,-5,10,0,5,5,10,-5,-10,10,-5,5,5,-5,0,20,0,-5,-5,-5,0,40,4,100,13,95,87,55,87,28,100,84,100,72,100,100
103,Hufflepuff,4,female,4,Pure-blood,5,0,0,0,0,-5,5,-5,10,0,0,0,0,-10,0,10,-5,0,10,-10,-5,-5,10,5,0,-5,5,-5,-5,5,-5,-5,-5,-10,5,0,-10,0,5,5,-15,3,24,8,84,69,76,90,0,32,55,43,64,28,37.74527342635757
104,Hufflepuff,5,female,4,Pure-blood,0,-10,0,0,-5,-10,0,5,0,0,-5,0,5,-10,0,0,0,10,-5,-5,5,5,5,0,0,-5,5,5,0,-5,0,5,0,5,10,-5,-10,10,5,-5,0,2,20,19,47,0,46,57,23,72,100,13,26,80,7.141492538625577
110,Hufflepuff,7,female,3,Half-blood,5,0,0,-5,10,0,-5,0,0,0,0,0,5,-10,5,5,-5,-5,0,0,5,0,0,5,0,0,-5,0,0,10,-10,0,10,5,0,0,0,10,5,-10,25,3,65,100,63,100,83,8,44,95,71,49,31,62,56.42337334272047
111,Hufflepuff,3,female,3,Half-blood,-5,-5,-5,5,5,5,10,0,-5,0,-5,5,5,5,0,5,-10,0,-10,-10,-5,0,-10,-10,0,5,0,5,-5,10,10,-5,5,10,-5,-5,0,0,0,-10,-20,3,53,27,54,31,46,82,78,41,65,61,32,61,50.166109118804016
112,Hufflepuff,7,female,3,Half-blood,-10,-5,0,0,0,-10,-5,5,0,0,0,5,-5,-5,-5,-5,0,5,0,5,-5,5,-10,5,0,-10,0,-20,0,10,5,0,0,-5,0,0,0,10,0,10,-35,4,99,17,91,87,78,29,69,81,54,93,100,65,84.60632046249037
113,Hufflepuff,3,male,1,Pure-blood,5,0,5,0,-10,0,-5,-10,5,0,-5,0,5,-5,0,5,-10,-5,0,-10,-10,0,5,0,0,0,0,-5,5,5,5,5,5,-5,0,-10,0,-10,0,-5,-50,3,23,100,74,55,74,82,2,25,35,45,48,84,34.613795617682655
114,Hufflepuff,2,male,2,Half-blood,0,-5,5,-10,-10,0,-10,10,0,-10,-10,5,5,0,-5,5,0,10,0,0,-10,0,0,0,0,-5,-10,5,5,0,0,0,10,0,0,10,0,-10,-10,5,-30,3,26,9,100,92,100,100,41,50,81,100,86,62,20.987077973322194
115,Hufflepuff,3,male,2,Muggle-borned,0,0,0,-10,-10,-10,5,0,0,0,5,-10,5,0,0,10,0,-5,0,5,0,0,0,-5,10,0,5,0,-5,5,0,0,5,0,5,5,5,-5,0,0,10,3,31,5,83,53,28,44,91,36,74,48,97,63,43.17545143641561
118,Hufflepuff,1,male,1,Muggle-borned,0,0,0,0,5,-10,0,-10,0,-10,-5,-5,5,5,0,-10,0,-5,-5,10,0,0,0,0,0,0,0,-10,5,-5,10,-10,-5,-5,0,-5,-10,-5,10,0,-65,3,66,44,61,50,80,29,60,33,81,75,96,23,43.69963581533262
128,Hufflepuff,4,female,4,Half-blood,-5,0,0,-10,0,5,0,0,0,0,0,-5,0,-10,0,-5,-10,0,5,0,-5,10,10,-10,-5,5,10,0,-10,5,-5,5,5,-5,0,5,-10,5,0,0,-25,3,80,100,61,70,69,34,54,26,92,76,74,53,86.25247186242609
129,Hufflepuff,7,female,3,Muggle-borned,0,5,10,-5,-10,-5,-10,5,0,0,10,0,10,0,5,5,5,0,0,10,0,-20,-5,0,0,-5,0,0,0,0,5,5,-5,5,5,-10,5,0,5,-10,10,3,30,32,68,36,27,35,21,29,75,87,49,72,31.479126960902327
131,Hufflepuff,4,female,3,Pure-blood,0,10,5,-5,0,5,-5,0,-5,-10,-20,-10,-5,10,0,5,0,0,-10,-10,5,10,-5,-5,10,5,5,-5,0,0,5,0,20,0,-5,-5,-5,-5,0,0,-20,4,88,31,50,15,100,68,91,67,69,94,75,60,100
135,Hufflepuff,1,female,3,Muggle-borned,-5,0,-5,0,0,0,0,-5,-5,0,5,-5,0,-10,-5,-5,0,10,0,10,5,5,0,-20,-5,5,-5,0,5,0,5,0,5,10,0,-5,0,0,0,-5,-20,2,83,3,81,50,33,43,38,65,41,28,33,51,88.493636391275885
137,Hufflepuff,3,female,2,Pure-blood,0,10,0,-5,-5,-5,0,0,10,-5,10,-10,-5,-5,10,0,0,10,0,5,0,-10,-5,0,0,0,0,0,0,5,-10,0,10,-5,-10,5,0,5,0,10,10,2,68,26,27,85,74,48,46,25,46,7,56,59,64.53627005819406
138,Hufflepuff,1,female,1,Pure-blood,-10,5,0,5,-10,0,0,5,5,0,5,-5,-5,0,0,0,-10,0,0,0,-5,0,5,-10,-10,5,-10,-5,0,-5,5,0,10,-5,-5,-5,0,0,5,-5,-50,3,55,31,68,58,92,70,100,20,64,63,86,54,54.690985968262225
140,Hufflepuff,2,female,5,Pure-blood,-10,5,0,5,5,10,5,5,0,5,5,-5,-5,-5,0,0,-10,0,5,-5,-10,-5,-10,-10,10,-5,-10,0,0,0,0,0,-10,0,0,-5,5,5,0,0,-35,3,83,8,96,27,45,100,47,59,11,42,36,52,82.00773666965185
148,Hufflepuff,4,female,4,Muggle-borned,10,0,0,5,0,-5,10,-5,5,5,-5,0,5,0,0,0,5,0,0,0,5,-5,-5,-10,0,-5,-10,0,0,-5,-5,5,0,0,0,10,5,-5,0,-10,-5,2,38,100,40,40,58,48,37,85,8,3,22,29,5.718502697982046
152,Hufflepuff,4,male,5,Half-blood,-5,5,-5,10,5,5,5,5,5,-10,10,0,-5,-5,0,10,0,-5,-5,0,0,0,5,0,5,0,-5,5,0,-5,5,10,0,0,0,5,20,-5,-5,5,60,1,100,100,8,26,100,60,28,26,46,59,6,14,100
156,Hufflepuff,3,female,3,Pure-blood,-5,0,-5,0,-10,0,-5,5,0,-10,0,-5,-20,-5,10,-5,0,10,5,5,5,5,0,-5,20,5,-5,5,-5,-5,0,0,5,0,0,0,0,0,0,0,-10,1,59,20,57,21,4,7,54,45,20,55,12,32,54.83637304878194
160,Hufflepuff,3,female,1,Half-blood,10,0,10,5,-10,0,-5,10,0,10,10,-5,-5,0,-5,0,0,-10,-5,0,5,10,0,-5,0,0,0,0,-5,0,5,5,-5,0,5,5,20,0,0,0,50,4,73,75,48,72,57,19,61,100,70,100,100,60,65.44915037930059
166,Hufflepuff,2,female,2,Half-blood,5,0,-5,5,5,-5,0,0,0,0,0,-5,0,0,10,0,0,0,5,-10,0,10,0,-5,10,0,0,-5,0,0,-5,-5,0,0,0,0,-5,0,5,0,5,4,51,33,73,100,94,60,63,100,100,100,85,77,33.109145560914286
176,Hufflepuff,1,male,2,Half-blood,-5,0,0,-5,5,5,0,-5,5,5,0,0,5,-5,5,5,5,5,-5,-10,5,-5,5,5,-5,5,5,0,-5,0,0,0,5,5,-5,0,-20,10,5,0,20,3,97,47,6,76,41,31,100,22,44,46,75,41,88.9424097980388
178,Hufflepuff,4,male,5,Muggle-borned,-5,5,10,0,-5,0,-5,5,5,0,-10,0,5,0,5,5,-5,0,5,-5,0,0,10,-10,-5,0,-10,-10,0,0,0,-10,0,-5,0,0,-5,0,0,-10,-45,2,21,100,57,70,76,58,77,44,77,50,16,45,20.68881439648746
183,Hufflepuff,4,male,5,Pure-blood,0,5,5,-5,0,0,0,0,0,5,0,0,-10,-5,0,-5,5,-5,0,0,-10,0,0,10,0,0,0,5,5,-5,0,0,5,10,10,0,5,-5,0,-5,15,3,39,27,46,100,63,49,78,76,35,71,65,51,25.512051674288095
184,Hufflepuff,3,female,2,Muggle-borned,5,0,0,0,0,0,-10,0,-5,-5,5,-5,-10,0,5,0,0,0,10,-10,10,0,0,5,5,0,0,0,5,0,-10,0,5,-5,20,5,0,0,10,-5,25,3,59,22,87,61,71,44,37,82,75,36,63,75,40.52657309393524
187,Hufflepuff,7,female,4,Half-blood,5,-5,0,0,5,-5,0,-5,-5,-5,-5,0,0,0,0,0,-10,5,0,-5,5,0,0,5,5,0,0,0,0,5,0,10,0,0,-5,0,10,0,5,-5,5,5,100,89,100,100,100,100,100,92,100,71,100,98,100
188,Hufflepuff,2,female,3,Muggle-borned,5,5,-5,0,-5,5,10,-5,0,0,-10,-10,0,5,-10,0,-5,10,0,5,-10,5,5,5,-10,0,0,5,0,0,0,0,10,0,-10,0,-10,-10,5,5,-15,3,71,100,88,74,39,56,79,74,54,100,52,31,80.60434796393058
189,Hufflepuff,7,female,3,Half-blood,0,0,0,0,-5,-10,-5,10,10,0,-5,-5,0,-5,0,0,5,0,0,10,5,5,10,-5,-10,10,0,10,5,0,0,0,5,-10,0,-10,-10,0,20,0,25,3,33,16,89,40,84,71,13,75,62,56,82,48,8.764766188717896
193,Hufflepuff,7,male,5,Half-blood,-5,0,-5,-10,5,0,0,-5,10,0,0,5,-10,0,-5,0,-10,0,0,5,0,-5,0,10,0,5,-10,-10,0,0,0,0,0,5,10,0,0,-5,0,5,-20,2,40,12,35,100,48,4,43,37,65,62,48,66,56.32353326681438
194,Hufflepuff,6,female,1,Pure-blood,10,10,0,0,10,10,0,10,5,5,-10,0,10,5,-10,-5,0,0,0,-5,5,0,0,-5,0,0,-5,-10,-5,10,-10,20,0,-5,-5,0,5,-10,5,0,35,2,14,100,31,8,31,69,12,11,65,26,48,40,100
195,Hufflepuff,2,female,4,Muggle-borned,0,5,20,0,-5,0,5,-5,0,0,-10,0,5,5,5,10,-5,5,0,-5,0,5,-10,-10,-10,5,-5,0,0,-5,0,-10,-20,5,-10,10,0,-10,0,0,-35,2,20,35,100,85,24,12,47,20,56,49,43,40,23.65452207958417
199,Hufflepuff,5,female,2,Pure-blood,-5,-5,0,-10,-10,0,10,0,5,5,10,20,10,10,5,0,5,-5,-10,0,-5,-10,0,-10,0,0,0,0,0,5,5,5,-5,5,0,5,-5,0,0,0,25,3,67,2,92,79,43,61,83,19,58,47,93,47,58.491020589560364
204,Hufflepuff,4,female,3,Muggle-borned,-10,-5,0,0,0,0,0,5,0,0,-10,-5,10,0,0,0,-5,0,0,0,5,0,-5,0,0,10,5,0,10,0,5,0,-10,5,10,0,20,0,-10,0,25,3,15,100,64,71,53,79,63,65,46,58,42,60,10.935576482892657
206,Hufflepuff,5,male,2,Muggle-borned,0,0,-5,-5,0,-10,0,-5,-10,10,0,5,-5,5,5,0,0,5,0,-10,-5,5,10,-5,0,0,0,5,10,5,0,-10,0,0,0,0,0,-5,0,0,-10,3,28,100,100,40,71,49,51,59,100,0,80,25,38.13731561015796
213,Hufflepuff,3,male,5,Pure-blood,0,10,0,-5,5,5,-5,10,0,-5,0,0,0,5,0,-5,0,0,0,5,0,5,5,-5,-5,-10,5,0,0,5,-5,0,-10,0,5,-10,-5,0,5,5,5,3,36,15,29,75,42,66,70,61,85,49,100,45,45.917573714008924
214,Hufflepuff,4,female,2,Pure-blood,0,-5,-10,5,0,-10,0,0,0,-10,0,-5,10,0,-5,-5,0,-5,-5,0,-5,0,0,0,5,0,0,0,0,10,-5,10,-5,-5,0,0,-5,0,5,-5,-45,1,9,100,29,39,51,100,100,1,12,18,100,24,8.257013364020445
216,Hufflepuff,3,female,5,Half-blood,-5,10,-5,0,0,0,0,0,5,10,0,10,5,0,-5,-5,0,-5,0,0,0,-10,0,-10,0,0,10,0,0,0,0,5,0,-10,0,-10,0,5,-10,-5,-20,5,100,87,100,100,74,100,100,100,100,100,89,100,100
218,Hufflepuff,1,female,3,Pure-blood,0,-5,0,20,5,-10,0,0,10,0,10,10,-10,-5,5,-5,-5,0,-10,0,5,0,-5,0,0,0,0,-5,5,5,0,0,10,0,0,5,0,10,0,-5,35,1,100,100,49,1,39,56,100,34,40,27,60,10,100
220,Hufflepuff,1,female,3,Pure-blood,5,0,0,5,10,0,5,-10,0,0,5,-5,5,0,-5,10,5,-5,-5,5,10,5,-5,-5,5,-10,5,5,5,5,-10,-5,0,5,0,10,0,-20,-5,0,20,3,76,18,55,4,43,57,75,34,60,48,66,77,82.26679714849641
223,Hufflepuff,5,female,2,Muggle-borned,-5,-10,0,-10,-10,0,5,5,-10,5,0,-10,5,-5,0,10,5,-5,5,0,0,0,0,-10,-5,-5,5,-10,10,0,-5,-10,0,5,0,0,-5,0,5,0,-50,3,49,100,6,51,60,18,42,46,57,29,46,42,64.05787345901815
227,Hufflepuff,1,male,3,Muggle-borned,0,-5,0,10,0,0,0,10,0,0,-5,0,5,0,0,0,5,0,0,5,0,-10,-5,0,5,-5,0,0,10,5,0,-5,0,0,10,0,-5,10,-10,-5,20,1,4,100,35,100,29,100,15,48,59,8,29,15,21.935056235604478
230,Hufflepuff,6,female,2,Half-blood,0,0,-5,5,0,5,0,0,10,5,-5,-10,0,5,0,5,0,10,5,0,0,0,0,0,-5,-5,-5,5,-10,0,0,0,5,-10,0,5,10,0,5,-10,15,1,15,100,20,60,16,20,42,100,35,5,46,100,19.590727311291218
236,Hufflepuff,7,female,2,Muggle-borned,0,-5,-10,-5,0,0,0,10,5,0,-10,-5,0,0,5,10,5,0,-5,5,0,-5,0,0,5,0,0,-5,-5,-10,5,10,0,-5,5,0,-5,0,0,0,-10,1,100,100,100,43,10,48,30,11,9,60,33,27,100
243,Hufflepuff,6,female,4,Half-blood,5,5,-5,5,-5,5,5,0,0,0,0,0,-5,-5,10,5,-5,5,0,10,-5,0,5,-5,-5,0,-10,-10,-10,-5,0,10,0,0,10,0,10,10,0,10,35,4,84,51,41,51,100,80,68,65,80,64,69,57,87.60123222542262
248,Hufflepuff,3,female,3,Muggle-borned,5,-5,20,5,-10,0,-5,-10,0,5,0,-5,0,0,0,0,10,0,-5,0,5,5,0,10,5,10,-5,10,0,-5,10,-5,-5,5,-5,0,10,-10,0,0,40,2,70,100,36,56,85,69,34,55,23,40,31,45,56.43163978330735
251,Hufflepuff,6,female,2,Half-blood,-10,-5,-5,5,5,0,5,-5,5,-5,0,5,0,-10,-5,0,0,-10,-5,0,0,0,0,0,5,-5,10,10,0,5,0,5,5,0,-10,0,-10,-5,5,0,-20,3,54,27,50,58,62,50,61,49,51,68,76,100,38.94603174091613
262,Hufflepuff,5,female,5,Pure-blood,5,0,-5,-5,20,5,-5,-10,0,10,5,0,-5,0,5,-5,5,-5,5,5,0,-5,-5,0,-5,-5,0,10,0,10,0,5,10,5,-10,-5,0,-10,0,0,20,1,19,100,11,100,100,60,10,100,19,45,100,34,24.459454698886617
264,Hufflepuff,1,female,4,Half-blood,0,-5,0,10,-20,-5,0,10,5,0,5,-10,0,0,-5,-5,0,-10,-5,-10,0,0,0,-10,0,0,-5,0,-10,0,10,-10,5,5,-5,0,-10,0,0,-10,-85,2,100,39,23,84,26,54,71,45,50,85,53,32,100
267,Hufflepuff,7,female,3,Muggle-borned,5,-10,0,10,5,-5,0,0,5,-5,0,5,10,0,0,10,5,5,0,-10,0,5,0,0,0,-10,5,10,5,0,0,0,5,5,0,-5,-10,5,-10,5,40,3,79,28,54,65,71,31,77,81,29,44,67,100,76.05537481269137
271,Hufflepuff,1,female,5,Pure-blood,0,0,5,0,-5,10,0,0,-10,5,0,5,0,5,0,-10,5,0,0,5,-5,-5,5,10,0,0,0,0,0,-5,5,-5,0,-10,-5,5,10,0,-5,-10,0,4,76,30,52,48,83,80,71,69,15,100,55,88,84.36945988346108
276,Hufflepuff,6,female,4,Half-blood,-10,5,0,5,0,5,5,5,0,-10,0,5,0,5,5,0,0,0,10,-5,-5,10,0,5,-5,-5,5,-5,0,-5,-5,0,0,0,0,-10,-10,-5,5,5,0,4,49,15,96,75,98,28,86,100,65,85,100,63,68.76451275805405
280,Hufflepuff,7,male,4,Half-blood,5,-5,0,-5,5,0,-5,-5,0,-5,0,0,-10,5,0,0,0,10,5,-10,5,-5,0,0,5,10,0,-10,0,5,0,-10,0,0,-5,0,0,-5,0,0,-25,2,44,100,85,70,79,77,51,48,58,64,36,25,49.04299576790346
1,Ravenclaw,5,male,3,Half-blood,-5,5,-5,10,-10,0,0,5,0,5,5,0,-5,-20,5,0,10,10,5,-5,5,5,-5,0,0,5,10,5,10,20,5,0,5,10,5,10,10,10,10,10,140,3,68,19,22,54,97,74,85,84,76,93,90,77,73.37618072810675
6,Ravenclaw,2,female,2,Muggle-borned,10,0,5,-5,-5,10,5,5,10,0,5,0,10,-10,-5,5,10,10,0,10,10,10,5,10,0,10,10,5,5,10,5,-5,0,5,-10,-10,5,-5,5,5,140,1,51,100,14,100,49,12,21,2,60,43,31,100,66.71132689961645
7,Ravenclaw,5,male,2,Half-blood,-5,10,-10,5,10,-10,-10,0,-10,5,0,5,10,10,5,-5,5,-10,-5,5,0,-5,10,5,0,0,10,-10,0,0,5,0,-10,5,-10,10,0,5,0,10,30,2,54,100,42,82,85,44,11,36,80,100,50,100,56.79654054088209
17,Ravenclaw,5,female,5,Half-blood,5,-5,-20,10,10,0,0,5,10,5,10,0,0,5,-10,10,0,-5,-10,10,-10,-5,10,10,0,0,0,0,5,-5,10,-10,10,10,5,5,5,0,-20,5,55,3,96,100,42,46,65,33,66,64,43,58,85,27,71.1696178721617
22,Ravenclaw,1,female,1,Pure-blood,-10,10,-5,5,0,-5,-5,-5,0,10,10,5,0,-10,10,-5,0,-5,0,10,-5,5,0,0,5,-20,5,-5,0,0,5,10,5,10,5,10,20,10,10,0,80,3,75,29,47,61,66,50,86,79,80,80,100,98,77.37215327084529
30,Ravenclaw,1,male,1,Half-blood,5,-10,5,10,10,10,10,10,5,5,0,-10,5,10,-10,0,0,5,0,5,10,-20,0,5,-10,5,-10,5,-5,10,5,10,5,10,10,10,5,-5,-5,10,110,1,31,100,60,60,10,100,16,12,31,5,100,60,38.15151408910353
35,Ravenclaw,4,male,4,Muggle-borned,0,5,5,5,0,0,-5,10,5,-10,0,10,10,10,10,5,0,5,5,5,10,10,-5,5,0,10,10,5,5,-5,10,-10,-5,5,10,10,0,5,-5,5,145,4,100,54,65,72,58,24,95,77,31,100,49,62,79.1884593650608
36,Ravenclaw,4,male,4,Half-blood,10,5,-5,5,0,0,0,0,-5,10,5,5,5,-5,-5,10,10,5,5,10,5,-10,5,10,10,10,-20,-5,5,0,10,5,10,10,0,0,0,-10,0,10,110,4,84,48,79,100,86,66,79,28,63,31,35,67,78.7997669957688
43,Ravenclaw,5,female,2,Half-blood,10,-5,10,5,-5,5,5,0,0,10,10,-10,10,-5,10,5,0,10,10,10,-5,-10,-10,0,10,-5,10,10,-5,5,5,0,-10,10,0,-10,0,5,10,0,95,4,68,42,82,100,71,61,32,100,59,80,55,81,54.72210894087324
47,Ravenclaw,3,female,3,Pure-blood,5,5,-5,-10,-10,5,10,5,5,5,10,5,10,5,5,5,5,5,10,0,5,0,5,0,-5,5,10,0,0,-5,-10,5,5,0,-10,10,10,-10,0,0,90,3,44,16,98,68,49,68,49,100,40,76,68,39,56.516394543886015
48,Ravenclaw,3,female,3,Half-blood,10,-10,10,10,0,10,5,-5,-10,-10,-5,0,10,-5,10,0,10,5,10,5,-10,10,-5,10,5,-5,10,-5,10,-5,0,0,0,0,-10,0,-5,-10,-5,5,40,3,61,53,43,0,58,28,38,19,62,79,31,77,74.70445360032268
52,Ravenclaw,4,female,5,Half-blood,10,0,-5,5,0,-5,5,0,5,10,0,20,5,10,0,0,10,5,0,5,0,-5,20,10,0,10,5,0,-5,20,5,0,-5,20,10,0,5,5,10,-5,180,3,58,100,96,17,27,69,22,100,75,41,81,89,57.75837675575092
54,Ravenclaw,5,male,2,Pure-blood,-10,-10,0,5,-5,10,-5,0,10,-5,-5,0,0,10,5,5,10,-5,0,0,5,5,10,-10,-10,-5,5,5,5,5,5,-10,10,10,-5,-5,10,10,0,10,60,3,96,17,62,47,36,72,76,29,0,65,58,37,100
55,Ravenclaw,5,female,3,Muggle-borned,5,10,5,-5,10,-10,5,20,10,5,-10,5,5,10,-5,-5,-10,5,5,0,-10,-5,10,0,0,0,0,-5,5,20,5,10,5,10,10,10,-5,5,-5,0,115,4,54,14,60,24,100,74,15,29,82,63,71,85,51.25422587954125
68,Ravenclaw,4,female,2,Muggle-borned,0,0,5,-5,5,0,0,10,-10,-5,0,0,0,10,5,5,20,0,0,-10,-5,10,5,-5,-5,10,0,-5,10,5,5,10,5,0,-5,0,10,0,5,-10,70,3,67,38,35,33,61,29,8,83,24,88,100,22,61.20239842654136
78,Ravenclaw,1,female,3,Half-blood,-10,10,0,0,10,-5,-10,-5,10,-5,5,5,10,5,5,0,5,-5,10,5,5,10,10,0,-10,0,5,0,10,10,-5,10,5,5,0,0,-10,5,-5,0,85,4,94,26,100,46,48,62,59,72,100,79,74,90,72.92774542762646
79,Ravenclaw,2,female,4,Muggle-borned,0,10,5,-5,10,-5,-5,0,5,0,10,0,5,-10,5,-10,10,5,10,0,-5,0,10,10,-10,10,10,10,-10,0,-10,5,10,-10,0,10,20,5,-5,5,95,4,100,38,63,93,57,33,66,54,83,69,83,100,100
81,Ravenclaw,3,female,2,Muggle-borned,10,-10,5,0,-5,10,0,10,10,10,-5,10,10,-5,10,0,5,10,10,5,-10,-10,-5,-5,5,10,10,10,0,-5,10,10,5,20,5,10,-10,10,0,0,150,3,88,2,67,70,42,78,75,53,60,34,25,48,75.60981358713684
85,Ravenclaw,6,male,4,Half-blood,5,5,0,5,20,0,10,-10,10,10,5,-10,10,-5,10,-10,-10,5,0,5,5,-10,10,5,10,5,5,10,5,-10,5,-10,10,10,5,-10,5,10,0,0,115,3,47,19,9,27,100,75,53,70,56,59,78,58,50.40528253835604
89,Ravenclaw,2,male,2,Half-blood,0,5,10,10,0,5,0,0,-5,0,10,5,5,10,0,5,-5,10,10,10,5,-10,-10,5,10,10,10,-5,10,10,-5,10,5,10,0,5,5,5,10,10,175,4,78,17,52,45,79,76,93,33,96,33,67,64,57.55359490057732
90,Ravenclaw,3,female,3,Pure-blood,5,10,10,10,0,10,0,0,5,10,10,-5,5,5,10,10,0,0,-5,-10,0,10,5,5,20,5,-5,-5,0,-20,0,10,10,10,-10,-5,-5,0,10,0,115,4,77,36,75,75,58,82,75,42,55,72,57,50,100
92,Ravenclaw,3,female,3,Pure-blood,0,-5,5,-10,10,10,-5,-10,-5,-5,10,10,10,5,5,-5,-5,-5,5,5,20,10,5,5,10,10,0,10,-5,10,5,10,10,5,5,5,-10,10,-5,-20,110,5,100,72,100,98,86,89,100,100,94,51,62,100,100
100,Ravenclaw,2,female,3,Muggle-borned,10,10,5,5,10,0,0,5,0,5,0,-5,-20,5,5,10,5,0,10,-10,10,-5,5,-5,-5,-10,0,10,10,5,0,10,0,10,0,-5,5,0,-5,10,90,2,72,13,70,60,56,49,13,46,100,32,85,48,92.79160424342632
106,Ravenclaw,7,female,2,Half-blood,0,10,10,0,10,5,10,-5,-5,5,5,-20,10,5,10,10,10,-5,0,-5,0,5,10,0,-10,0,5,10,5,5,10,10,5,-10,-10,10,10,5,10,5,135,3,68,24,32,60,100,51,58,22,51,61,76,0,74.46438129065682
120,Ravenclaw,4,male,1,Half-blood,0,0,0,5,10,10,-10,10,10,10,0,10,-5,10,-5,10,5,10,0,5,-10,0,10,-5,10,5,-5,10,-10,10,10,5,5,10,0,0,-5,0,5,10,140,4,88,40,46,67,15,88,49,88,72,100,85,36,97.5260122222284
122,Ravenclaw,3,male,1,Half-blood,0,5,0,10,5,0,0,10,5,5,-10,5,5,5,5,0,0,10,-10,10,10,-10,0,10,5,-10,10,10,0,10,5,5,0,-5,0,0,10,10,10,10,140,1,100,100,60,33,60,29,5,52,47,1,100,29,100
123,Ravenclaw,2,female,5,Half-blood,10,10,10,0,5,0,-10,-5,10,-5,5,10,0,-10,0,10,10,0,5,5,10,5,5,-5,-10,5,-10,0,0,-10,0,-20,0,10,0,5,5,0,5,5,60,4,81,47,92,70,67,87,39,56,82,67,64,60,100
134,Ravenclaw,3,male,4,Pure-blood,5,10,10,10,0,5,5,5,-5,5,5,-5,5,10,5,-5,0,5,5,10,0,-10,-5,0,10,5,-5,10,-5,5,10,0,10,5,-5,-5,5,0,10,0,120,2,33,100,50,70,39,84,53,68,36,54,44,41,28.560729857058462
139,Ravenclaw,6,male,3,Half-blood,10,0,5,0,10,5,10,0,10,5,0,10,5,-5,10,10,0,-5,0,-5,5,0,0,10,0,10,5,0,10,0,5,5,0,5,-5,0,0,-5,0,0,120,3,48,31,61,51,57,62,52,66,69,54,73,23,19.208473624731262
142,Ravenclaw,7,male,2,Half-blood,0,5,10,0,0,5,10,-20,20,5,10,0,-5,10,10,10,10,5,10,5,5,5,-10,0,10,-10,-5,0,5,5,10,10,0,5,5,10,-5,-5,5,20,160,2,9,26,1,43,1,22,23,24,85,21,32,100,100
144,Ravenclaw,5,male,2,Half-blood,10,10,0,10,10,0,5,0,0,20,10,5,0,5,0,10,0,10,0,-20,-5,-5,5,0,0,-5,10,5,0,-5,-10,-10,10,5,0,5,5,5,5,-5,95,4,92,27,89,100,27,73,76,99,69,64,84,42,100
147,Ravenclaw,6,female,2,Half-blood,10,10,5,-5,0,-5,0,10,10,5,-10,10,5,-5,0,5,10,5,-5,10,20,-5,-5,10,-5,-5,5,5,-10,0,-10,0,5,-5,-5,-5,5,0,10,10,80,2,66,100,47,69,35,58,42,21,44,34,32,68,75.03459492396627
151,Ravenclaw,5,male,3,Half-blood,10,10,5,0,-10,5,5,5,10,5,-5,10,5,10,5,-5,10,5,5,0,-5,10,0,5,5,-5,10,5,5,0,10,0,5,-5,10,-5,-5,5,10,0,140,3,66,100,57,48,54,92,97,43,71,48,2,66,56.347364326112746
154,Ravenclaw,4,male,1,Muggle-borned,10,-5,-5,5,-5,5,0,10,10,0,10,-5,5,20,0,-5,5,5,10,-5,0,10,5,10,10,5,-5,5,10,10,-5,5,-5,0,-5,5,10,5,5,0,140,4,89,36,65,100,59,40,69,100,51,82,66,81,92.4893328600571
163,Ravenclaw,5,male,5,Muggle-borned,10,0,-5,10,5,10,5,-10,-20,10,0,10,-5,5,5,0,-5,10,20,-10,5,0,10,0,-5,5,5,20,-5,5,-10,-10,5,5,5,0,5,10,-20,5,80,3,47,7,28,43,39,70,36,17,96,23,57,100,45.41659107266858
169,Ravenclaw,7,male,2,Muggle-borned,0,10,5,5,5,5,0,-5,5,10,10,-5,5,-10,-5,10,0,-5,10,10,5,5,-10,5,10,10,0,-5,0,5,-5,5,5,0,5,10,0,-5,10,10,120,2,62,42,60,40,53,30,85,74,22,54,85,100,59.73653260734939
170,Ravenclaw,2,female,3,Half-blood,5,0,10,5,0,10,10,10,5,0,5,0,0,-5,5,5,10,10,5,10,0,-10,0,-5,5,10,0,10,10,5,5,5,10,10,0,5,5,0,5,10,180,1,29,100,100,30,20,37,28,33,28,39,28,44,17.93420879348379
172,Ravenclaw,5,female,2,Half-blood,10,5,10,10,0,0,10,-5,0,5,-10,5,10,10,5,0,-5,0,5,0,0,5,5,5,0,0,10,10,0,10,-5,10,0,0,-5,5,-5,10,-5,-10,105,3,68,59,90,89,8,50,37,46,0,63,50,40,74.49595223854011
179,Ravenclaw,6,male,5,Muggle-borned,5,-5,10,10,-10,10,20,10,10,10,-5,-5,5,0,-5,5,-5,10,20,0,0,0,0,10,5,-5,10,-10,10,0,5,0,10,0,0,0,10,-10,10,5,140,4,79,13,73,78,79,100,62,22,78,100,100,64,95.15763088145827
191,Ravenclaw,5,female,5,Pure-blood,0,10,-10,-5,5,-5,5,5,10,5,10,-5,0,0,-5,10,10,5,5,10,5,0,5,10,0,5,-10,5,0,0,0,10,-5,10,-5,0,5,0,5,10,110,2,25,100,47,38,70,1,73,53,73,53,54,56,46.88214069549859
198,Ravenclaw,6,male,3,Half-blood,10,5,0,5,10,10,5,0,10,-5,10,0,5,0,10,-5,-5,0,-10,20,10,-10,10,10,5,-10,5,-10,10,10,5,-5,10,5,-20,5,5,0,10,-5,115,3,17,28,72,93,100,44,22,42,79,40,58,20,17.10839022537493
200,Ravenclaw,6,female,4,Muggle-borned,0,10,10,0,-5,5,10,10,-10,-10,0,5,10,10,0,-10,5,5,-5,10,10,0,10,0,10,-5,0,10,-5,0,0,5,-5,5,-20,10,-10,-10,10,0,65,3,17,24,58,85,51,11,57,100,22,83,46,85,100
202,Ravenclaw,2,male,5,Half-blood,5,5,5,10,10,5,-5,10,10,0,10,0,5,-5,0,0,-5,0,5,5,5,5,5,5,5,10,10,5,10,5,0,10,10,5,10,5,0,10,0,10,195,3,43,54,80,58,50,15,51,36,100,49,60,68,41.16104914857864
215,Ravenclaw,6,female,4,Muggle-borned,-5,-10,10,-5,-5,-10,5,0,-5,5,-10,10,5,0,0,0,-5,10,10,5,10,5,20,-5,-10,-5,5,-10,-10,10,-5,10,5,-5,20,5,-5,5,5,10,60,4,42,27,60,83,55,57,68,70,47,91,77,68,62.3140873830437
219,Ravenclaw,1,male,1,Half-blood,5,-5,10,10,10,10,10,-5,10,-5,5,5,10,5,10,10,-10,10,5,5,0,-5,10,10,10,0,10,10,10,10,10,-10,10,-5,0,0,0,0,-10,20,185,3,60,51,65,78,29,0,87,30,64,36,72,59,66.03740350250101
221,Ravenclaw,2,male,2,Muggle-borned,-5,5,-5,5,-20,-5,10,10,0,10,5,5,10,5,10,0,10,5,10,0,-5,5,5,10,10,5,0,0,10,10,10,-5,10,5,0,0,-10,0,-10,10,125,4,99,100,100,65,100,53,69,72,82,49,100,44,100
228,Ravenclaw,2,male,1,Half-blood,-10,10,-10,10,5,-5,5,10,5,20,10,-5,0,10,0,10,-5,10,-20,10,-5,5,5,0,-5,0,0,5,10,-10,10,20,0,10,10,-5,0,5,-5,-5,105,3,39,100,81,25,81,67,0,43,55,85,75,60,35.346696059456185
232,Ravenclaw,4,male,3,Muggle-borned,10,0,0,0,10,10,5,-10,10,10,-10,0,5,5,5,0,-10,-20,10,5,5,-5,0,5,5,-5,-10,5,0,0,-5,5,5,10,-5,0,10,10,5,0,70,1,5,100,27,2,100,60,100,38,42,6,34,3,100
234,Ravenclaw,2,female,5,Half-blood,10,0,5,10,10,10,10,-10,5,-5,20,0,5,5,0,-10,10,10,0,5,5,10,-10,-5,10,-5,5,10,10,10,10,10,10,10,5,10,10,-5,5,-10,185,1,100,100,39,3,14,37,26,25,100,47,42,38,1.2401861810549875
253,Ravenclaw,5,female,3,Muggle-borned,0,-5,10,5,5,0,0,-10,0,-5,-5,0,-5,10,10,0,10,10,10,10,0,10,-5,0,10,-10,-5,5,5,10,10,5,5,-5,-5,-5,-5,10,10,-5,85,2,46,100,58,100,37,18,44,85,79,17,28,85,23.781760227283684
259,Ravenclaw,4,male,2,Pure-blood,10,-10,10,5,5,-5,0,10,10,5,-5,0,5,10,5,-10,10,10,5,10,0,10,10,5,5,10,-5,-10,0,5,-10,10,0,-5,10,-5,-5,0,5,0,110,3,100,35,80,55,100,57,95,40,77,82,70,62,100
261,Ravenclaw,7,male,3,Pure-blood,5,5,10,-5,10,10,-5,5,5,5,5,10,0,5,0,5,0,-20,-5,-5,10,10,5,-5,5,0,10,0,-5,10,10,5,5,0,5,10,20,10,-10,5,140,2,16,9,32,56,43,7,17,42,18,51,71,58,22.434260249738095
266,Ravenclaw,6,female,4,Muggle-borned,5,5,-10,10,-5,20,10,-5,10,10,-5,0,5,-5,10,10,5,10,20,10,0,10,10,0,10,-10,-10,0,5,-10,5,-10,0,5,10,10,10,-10,0,10,145,1,18,100,31,1,22,60,60,53,37,0,19,36,22.15796355754918
268,Ravenclaw,4,male,5,Muggle-borned,5,5,5,10,5,5,-5,10,0,0,5,5,-5,0,0,10,0,10,10,-5,10,10,5,-5,0,-5,-10,0,-10,10,10,10,10,10,10,5,10,0,0,0,140,2,85,45,32,41,12,19,21,17,52,50,81,44,100
270,Ravenclaw,7,male,2,Pure-blood,5,-20,10,-5,-10,20,10,10,10,0,10,0,5,10,10,10,5,5,-5,0,-10,0,10,-5,0,5,0,5,-5,0,10,10,5,0,-5,5,10,-5,0,10,120,3,55,100,100,85,80,53,73,0,72,72,46,96,56.96208822130515
273,Ravenclaw,5,female,5,Muggle-borned,-5,10,10,10,-10,5,0,0,5,-5,-20,-5,5,10,10,5,5,5,5,5,10,10,0,-10,10,10,5,10,5,-5,10,-10,5,5,-10,5,-5,10,-10,5,95,3,41,60,42,54,49,60,43,40,45,50,47,73,41.14299966211447
277,Ravenclaw,4,female,3,Half-blood,10,10,5,-10,10,10,0,0,10,10,5,0,0,10,10,0,5,5,5,10,-5,5,5,10,-5,5,0,0,-10,10,0,5,-5,-10,5,-10,5,-5,10,10,125,4,71,33,31,87,90,63,72,31,46,74,90,56,64.68259038884263
279,Ravenclaw,6,male,3,Half-blood,20,-10,10,10,5,10,20,0,5,-5,10,5,-5,0,-5,10,0,5,5,10,-10,10,-5,10,5,10,-10,10,-10,-5,10,5,5,10,-5,5,10,5,5,5,160,4,100,16,94,62,59,95,60,76,100,100,77,55,100
9,Slytherin,6,male,1,Half-blood,0,-5,-10,-5,0,-5,5,-10,-10,-20,-5,10,-20,-20,-10,10,0,0,-20,-10,-5,10,-5,-10,10,-5,-5,-5,-10,5,-20,5,-10,-5,5,-10,-10,0,20,-5,-175,3,68,100,55,100,91,28,66,38,17,50,44,20,49.9695517825573
12,Slytherin,4,male,3,Pure-blood,-20,0,-20,-5,-5,-5,-5,5,-20,-10,10,-5,-5,-20,-20,-10,-5,-5,-5,-5,-5,5,0,-5,-5,-10,-10,0,-5,-10,-10,-10,-10,0,-5,-5,5,-5,-20,-10,-270,3,54,100,38,37,100,81,100,94,28,54,17,36,41.33141342836718
20,Slytherin,6,male,3,Pure-blood,-20,0,5,-10,-5,5,-10,-10,-5,-20,-20,0,-5,-5,-5,-10,-5,-20,-20,-5,-5,-10,-20,-5,5,-5,-20,-10,5,0,5,5,-20,-10,5,-5,-5,0,-5,-5,-265,2,19,100,65,46,71,30,56,63,25,85,11,37,2.5252675184228615
24,Slytherin,7,male,5,Pure-blood,-10,-10,5,0,-5,-10,5,-5,-10,5,5,-5,-10,10,0,-10,-10,-5,-5,-5,-5,-5,-10,-20,-10,0,5,-5,-20,-5,5,-5,-5,-20,-5,-5,-20,-20,-20,5,-235,2,100,80,25,100,24,45,20,50,1,27,46,39,100
28,Slytherin,3,male,5,Pure-blood,5,-10,-5,-10,0,-5,-5,10,-5,-5,-10,-5,-5,-20,-10,-5,5,5,-10,-10,0,-5,-10,0,-5,5,-10,-10,-10,-5,-5,-20,-10,-10,-20,-20,-5,-20,-10,-5,-270,3,40,84,35,92,23,100,92,61,96,61,66,83,66.32641259412236
37,Slytherin,5,male,1,Pure-blood,-5,-5,-10,-20,-5,-5,-5,-5,-10,-5,5,-10,5,5,-5,-10,-10,-5,5,-10,-20,-10,-5,-20,-10,5,5,-20,-20,0,-5,-5,0,-10,-5,20,-5,5,-20,-5,-230,2,49,100,58,62,55,58,48,80,66,4,77,61,69.33895773289383
42,Slytherin,7,male,2,Pure-blood,5,0,-10,-10,-10,5,0,-20,-5,0,5,-20,0,0,-10,-5,-10,-5,0,0,-5,-20,0,-10,-10,5,0,10,-5,-5,-20,-10,0,-5,0,-5,-5,-20,-5,0,-200,3,82,100,74,82,78,68,79,46,83,50,87,84,100
53,Slytherin,2,male,2,Pure-blood,-5,-5,-20,0,-20,-20,5,-5,-5,-20,-5,-5,5,-5,-10,-5,-5,-10,-5,5,0,-10,-20,10,-20,-5,0,-5,-5,-10,0,-10,-5,-5,-5,-20,-20,-5,-20,-10,-300,3,38,100,72,82,74,77,40,44,88,53,54,63,61.73041826537869
62,Slytherin,2,male,4,Pure-blood,-5,-10,-10,-10,-5,-20,-5,10,-20,-5,-10,-5,0,-10,-5,-20,-5,-10,-5,-5,5,0,-10,-5,-10,-10,-20,-20,5,-5,-5,-5,-10,0,0,10,-10,5,-5,0,-245,2,73,47,68,100,53,6,32,85,18,53,51,22,89.29561374840496
66,Slytherin,7,male,2,Pure-blood,5,-10,-5,-5,-20,-5,5,-10,-5,-5,5,5,5,-5,-20,-5,-10,5,-10,0,-20,-20,-20,-10,-5,-5,-10,-20,5,-10,-5,-10,-10,-5,-10,-20,5,-10,5,-20,-280,1,54,100,2,100,100,41,24,59,31,24,29,47,70.61203991756251
69,Slytherin,2,male,4,Pure-blood,-5,-10,-10,10,10,-5,-5,5,10,10,-5,-10,-5,-5,-20,0,-10,-5,-10,0,-5,-20,10,-5,-10,-20,5,-5,-20,5,-20,0,-5,-5,-10,-10,0,-5,-5,-5,-190,3,82,100,100,58,78,82,51,60,32,39,74,63,79.88444987839053
71,Slytherin,7,male,4,Pure-blood,-5,-20,-10,-5,-5,-10,5,-5,5,-10,5,-5,-5,-5,-10,-10,-20,-10,-10,-5,0,-5,-10,0,-20,-5,0,-5,-5,-20,0,-5,10,0,-5,-5,-5,-5,-10,5,-225,3,46,100,91,58,49,82,82,71,14,66,77,37,36.01997268589028
83,Slytherin,6,male,4,Pure-blood,-5,-5,-5,5,-20,10,-10,5,-5,5,-5,-5,5,-10,-5,-10,5,0,-10,-10,5,-20,10,-10,-5,-10,-5,-5,-20,-20,0,-10,-10,5,-5,-5,-10,-20,-20,-5,-230,1,44,54,10,100,100,100,48,31,31,41,100,25,63.47046160377991
93,Slytherin,7,male,3,Pure-blood,-5,-5,-5,-5,-10,-10,-5,-5,-5,-5,-10,-10,-10,5,0,-20,5,-5,-5,-5,-10,-5,-20,-10,-10,5,-10,-5,5,-5,-5,-5,5,5,0,5,-5,-10,-5,-5,-200,3,44,100,0,33,64,45,100,73,58,72,39,69,50.18497151917372
94,Slytherin,2,male,4,Pure-blood,-5,-20,-10,-20,-5,-5,5,-20,-10,-5,5,-5,0,0,0,0,5,-5,-20,-5,-5,-20,-5,-5,-10,-5,0,-5,0,0,-10,-20,5,-10,5,-5,0,-5,-5,-5,-225,2,30,80,17,62,49,44,49,100,13,54,40,71,15.665984534624144
99,Slytherin,2,male,1,Pure-blood,-10,-5,-5,-5,5,-5,0,-5,-10,-20,-5,-20,10,-5,-10,-5,0,-5,-10,5,-10,5,-20,-10,-10,-20,5,-5,0,-5,5,0,-10,-10,5,0,-5,-10,-5,-5,-210,2,54,79,10,39,70,39,34,82,1,13,65,15,48.750671732582504
108,Slytherin,2,male,4,Pure-blood,-20,-10,5,-10,10,-5,-5,-5,0,-10,5,-20,-10,-5,-20,-20,-10,-5,-20,-10,-10,-5,-5,-5,5,-20,-5,5,-20,-20,0,-20,-5,-5,-10,-5,-10,-20,-10,-5,-335,3,52,100,66,47,37,69,66,99,58,55,14,15,35.89778494550189
116,Slytherin,3,male,3,Pure-blood,-10,5,10,5,-5,-5,-5,-5,-10,-5,-5,-5,-5,-5,-20,-5,-5,-10,-20,-5,-5,-5,-20,-20,0,-10,-10,-5,-10,-5,-10,-5,-5,-10,-5,-10,-20,-5,-10,-5,-285,4,65,100,62,42,95,100,67,57,87,69,55,36,87.27994429818304
125,Slytherin,6,male,1,Pure-blood,5,5,-5,-20,-10,-5,-20,-10,-20,0,-5,5,-5,-20,-20,-5,-5,-5,5,-5,-10,-10,-10,-5,-5,0,-10,5,-5,-10,5,-10,-5,-5,-10,-20,-20,5,-10,5,-265,3,83,100,35,88,90,40,33,70,70,93,39,78,100
132,Slytherin,7,male,2,Pure-blood,0,-10,-10,0,-20,-5,0,-5,0,5,-5,-5,-20,-5,0,-10,-5,-10,-10,-10,-5,-10,-20,-20,-10,-5,-5,-5,-10,5,-5,-5,-10,0,-20,0,-5,5,-5,-5,-260,4,97,100,68,59,100,100,100,78,70,84,89,100,92.07351155461434
145,Slytherin,2,male,3,Pure-blood,0,-20,0,5,-10,0,0,0,5,-5,5,-5,-20,-5,5,0,-5,-10,-20,-10,-10,-20,5,-10,-5,-10,-5,0,-5,-5,-10,-20,-5,10,-5,-10,-5,-10,-5,5,-210,3,86,100,70,50,71,100,42,74,59,65,74,72,99.40454124079237
158,Slytherin,6,male,4,Pure-blood,-20,5,-20,-10,-10,5,10,5,-10,0,-10,-5,-5,-5,5,-5,-20,-5,-10,-20,-5,10,-10,-5,-5,-20,-10,5,0,0,0,-20,0,0,-10,-10,5,5,-5,-20,-220,2,54,100,25,100,58,70,30,36,14,57,16,71,37.81035389522954
159,Slytherin,5,male,5,Half-blood,-5,5,-5,5,-10,-10,-10,5,-20,-5,-5,5,-20,-5,-5,5,5,-5,-20,-5,5,-10,-10,-10,5,-5,-5,-10,-10,-20,-10,10,-5,-5,-20,5,5,0,-5,-10,-205,2,43,99,40,82,2,56,80,53,73,46,54,38,29.594340096344936
161,Slytherin,3,male,4,Pure-blood,-20,-5,-5,-5,-20,0,-20,5,5,-10,-10,-10,-20,-5,-10,-5,-20,-20,-20,-5,-5,-10,-5,5,-20,0,10,-5,0,5,-5,-5,5,-20,10,-10,-10,10,10,-10,-250,4,20,100,86,60,24,53,78,92,59,100,66,77,34.73270933324352
173,Slytherin,5,male,3,Half-blood,0,-5,-5,-20,-10,-10,-5,0,-10,-5,-5,0,-20,-10,-20,-10,0,-5,5,-20,5,-5,-20,-5,-5,-5,-10,0,5,-5,-5,0,-5,-20,-10,5,-5,-10,-20,5,-265,3,69,100,71,34,22,75,25,47,73,33,38,64,80.10905232848815
203,Slytherin,7,male,2,Pure-blood,-20,-10,-20,-5,-20,-10,-5,-10,-5,10,-10,-20,-5,-10,10,-10,-5,-10,-5,-5,-5,-5,-10,-10,-5,-10,5,-20,-5,-10,-5,-20,-10,-5,-10,5,-5,-5,-20,-5,-320,2,85,100,64,47,67,74,50,73,60,100,57,41,69.20905798974728
212,Slytherin,4,male,4,Pure-blood,-5,-20,-5,0,0,-10,0,0,0,0,5,-5,-10,5,-5,-5,5,-5,-10,-5,-10,0,-10,-5,0,-20,-5,-10,-10,-5,-10,-5,-20,-5,-5,-10,5,-10,-20,-5,-230,3,22,100,65,20,29,44,83,47,75,30,79,69,20.825768581209616
222,Slytherin,3,male,1,Pure-blood,-10,0,0,-5,-10,0,5,-5,-20,-10,-10,-5,5,0,-10,10,-20,-5,20,-10,-5,-10,-10,5,5,-10,-10,-10,-10,-5,-10,-10,-10,-5,10,-5,-20,-20,-10,-5,-225,4,77,100,87,81,72,90,82,77,85,32,34,95,88.90684525525955
226,Slytherin,1,male,4,Half-blood,0,5,-5,-5,-5,-20,-5,5,-5,-10,-20,10,-20,-10,-5,-5,-5,-5,-5,0,-20,-5,-5,10,-10,-10,-5,-5,-10,5,10,-20,5,-20,-5,-5,-10,-10,-10,-10,-240,3,35,100,51,58,41,100,78,56,65,72,67,60,47.280743296768264
239,Slytherin,6,male,4,Pure-blood,-5,-20,-10,0,-5,-10,5,-20,-20,-5,-5,-5,-5,5,-5,5,-5,-20,0,-10,-5,-5,-20,-5,-10,-20,-10,5,-20,-5,5,-5,-20,-10,-20,-10,-5,-10,-5,-20,-330,2,61,70,100,31,48,56,57,36,67,2,31,48,36.62023662217775
242,Slytherin,4,male,4,Pure-blood,-10,-20,5,-10,-5,5,-20,5,-5,-5,0,10,-10,-10,-10,-5,-20,-5,-5,-5,-5,-5,-10,-5,-10,-5,-10,5,-5,-20,-5,-10,-10,-5,-20,-5,-10,-5,0,-20,-280,3,84,72,55,58,66,96,64,100,57,93,71,100,71.17688707331962
246,Slytherin,4,male,2,Pure-blood,-20,0,-10,-5,5,-20,5,-10,-10,5,-10,-10,-5,-10,-5,-10,0,-5,0,-20,-10,-10,-5,10,5,5,-5,-10,-20,5,-5,-20,-5,-20,-20,-10,-5,-5,-20,-10,-290,2,68,79,40,47,56,10,17,65,38,17,77,47,72.02764837584567
249,Slytherin,5,male,5,Pure-blood,5,-5,0,-20,10,-5,-10,5,-10,-10,-10,5,5,-5,-5,-10,-5,-5,-5,-10,-5,-5,-5,5,-20,-10,-20,-5,0,-5,-20,5,-20,-20,5,5,-20,-20,-10,5,-245,2,17,100,48,20,38,10,31,42,85,72,58,28,33.201217877827986
250,Slytherin,5,male,1,Half-blood,-20,-5,-10,-5,-10,5,10,-5,-20,-10,-20,0,10,10,-20,-10,-20,-20,-5,-5,-10,-10,5,5,-5,-5,-10,0,-20,-5,-20,-5,-20,-5,-20,-5,5,10,5,-10,-270,5,50,100,92,71,100,100,92,100,100,84,88,100,73.50468367659346
257,Slytherin,2,male,1,Pure-blood,-5,0,-10,0,-20,-5,5,-5,-20,-10,-5,-20,-20,-20,-10,-10,-10,-10,10,-5,-20,10,-5,-20,0,-5,-5,-5,-5,-5,-20,-10,-10,-20,-5,-5,-5,-20,10,-5,-320,1,45,32,100,25,49,7,100,3,18,52,100,26,37.494147468777996
263,Slytherin,7,male,3,Pure-blood,-10,-10,-10,0,5,0,-10,-10,-5,-5,-5,-5,5,-5,-10,-20,-10,-5,10,0,-10,-5,-5,-10,-5,10,5,-5,-5,-20,-20,-5,-5,10,-20,-20,5,-5,-20,-10,-240,3,39,100,100,100,74,91,100,100,93,93,100,63,34.6159564239582
272,Slytherin,2,male,4,Pure-blood,-5,-20,5,-10,-5,-5,-10,-5,-10,5,-5,-5,0,10,-10,-5,-10,-5,5,10,-5,10,-10,-10,10,-5,-10,5,-10,-10,-20,5,-20,-10,5,-10,-10,-5,10,-5,-170,4,78,100,65,100,74,100,70,100,82,51,50,78,83.31467615718286
274,Slytherin,3,male,2,Pure-blood,-10,-5,5,-5,-20,-20,-5,5,5,-10,-20,-20,0,-5,-10,-5,-5,-5,-5,5,-5,0,-10,-10,5,0,-5,-5,-5,-10,-5,-10,-5,-20,5,-5,-5,-10,-10,5,-235,3,27,100,73,65,17,48,68,79,38,54,22,76,9.432403127499807
275,Slytherin,4,male,5,Pure-blood,-10,0,-5,-5,0,-10,-20,5,-5,-5,-20,-10,-10,-20,-10,-20,5,-20,10,5,10,-5,-20,-10,-10,-5,-5,-5,-10,-10,-5,-5,-20,5,-5,-5,-10,-5,0,-5,-270,1,14,82,22,46,60,39,44,48,100,24,23,49,12.654985849182161
8,Slytherin,6,female,5,Pure-blood,5,0,10,-5,5,5,-5,-5,20,5,20,20,5,10,20,20,10,5,5,20,5,0,0,20,-5,20,5,10,10,0,5,10,-5,-5,5,5,0,5,20,5,280,2,15,94,80,31,24,17,29,48,39,33,78,45,35.776739108890055
10,Slytherin,2,female,1,Half-blood,0,0,5,20,5,5,20,5,5,10,0,20,10,5,20,5,5,5,0,5,5,-5,10,10,5,0,5,5,0,10,10,0,20,10,-5,-10,0,20,0,20,260,2,32,92,48,24,28,6,60,48,85,59,62,51,40.24642986684734
18,Slytherin,7,female,3,Pure-blood,0,5,-5,5,5,0,0,0,5,5,0,-10,20,0,5,0,5,5,5,0,10,10,0,5,5,0,5,0,-10,0,20,20,5,5,20,0,0,0,20,10,175,4,100,97,100,96,75,76,82,66,83,100,52,15,100
23,Slytherin,7,female,2,Pure-blood,20,20,10,10,5,-5,5,0,10,5,5,10,10,0,20,0,0,20,10,20,-10,-5,20,5,0,5,5,10,20,10,0,20,20,0,10,5,0,10,0,5,305,4,100,100,69,73,45,42,100,100,73,100,89,23,100
31,Slytherin,1,female,2,Pure-blood,0,10,5,0,10,0,5,5,10,5,0,-5,5,10,5,10,0,10,0,-5,5,10,10,-5,20,5,0,10,5,0,0,10,10,0,0,10,5,20,5,-5,195,2,83,100,40,46,29,27,53,20,45,27,45,56,72.22930548456418
33,Slytherin,2,female,4,Pure-blood,5,5,10,5,20,5,10,-5,0,10,20,0,0,20,-5,5,5,5,-10,0,0,5,20,5,20,0,5,5,0,10,10,20,5,10,0,10,10,10,5,5,260,4,65,100,48,51,27,54,30,54,57,100,82,70,74.15845694641173
39,Slytherin,7,female,3,Pure-blood,10,0,5,20,10,-5,10,20,5,20,5,10,20,10,5,5,0,5,5,5,0,5,20,10,5,5,20,10,10,5,-5,10,0,5,10,0,5,10,-5,0,285,3,82,84,30,100,53,55,64,51,39,24,44,39,91.51935635344094
46,Slytherin,5,female,4,Pure-blood,20,10,10,20,5,10,20,5,10,10,10,-5,10,-10,5,0,-5,10,20,5,0,0,0,5,0,0,0,10,5,10,5,5,0,10,10,10,10,5,5,5,255,3,46,100,73,87,78,32,85,92,55,21,86,44,53.76755431786255
60,Slytherin,1,female,5,Pure-blood,5,10,10,5,20,10,10,10,0,5,5,10,10,10,5,5,-10,10,10,5,5,0,20,0,5,5,5,0,10,0,0,0,-5,10,5,5,5,-5,5,-5,210,3,38,87,68,46,67,48,9,0,68,27,100,89,32.20413232694376
63,Slytherin,5,female,2,Pure-blood,0,0,20,5,-5,5,0,10,20,0,20,0,5,0,5,0,10,0,0,10,0,10,0,20,20,0,5,5,5,10,-5,20,5,5,5,20,5,20,5,10,270,3,100,100,71,53,82,80,60,90,76,72,36,15,100
70,Slytherin,5,female,1,Pure-blood,20,20,20,5,10,5,5,5,10,10,5,5,0,5,-5,10,5,0,20,10,5,-5,20,5,10,0,10,10,0,0,-5,0,20,0,0,20,0,5,5,20,285,2,100,100,85,14,24,58,23,62,26,85,61,14,100
74,Slytherin,3,female,5,Half-blood,10,-5,5,5,-5,20,10,20,10,5,5,20,5,5,5,-5,10,5,0,20,5,0,10,0,5,5,10,5,0,0,10,-10,20,5,0,5,5,5,-5,-5,215,3,57,85,53,79,69,70,27,43,51,59,62,41,83.43212904582757
87,Slytherin,7,female,4,Pure-blood,0,10,-10,0,-5,0,0,-5,-5,5,5,10,10,10,10,5,5,20,-5,20,10,20,10,0,10,20,10,20,5,5,0,10,0,20,0,5,-5,5,10,10,245,2,83,99,57,100,85,13,63,27,21,62,48,100,71.81579009503328
117,Slytherin,2,female,5,Pure-blood,10,5,5,5,10,0,0,10,10,-5,20,5,10,5,-5,0,10,10,-5,5,10,0,0,5,5,10,20,10,20,10,5,5,5,5,0,0,5,5,0,0,225,4,100,100,53,98,100,63,71,75,62,87,82,51,86.04058415138262
121,Slytherin,3,female,2,Half-blood,10,-10,0,5,20,10,10,20,0,5,10,20,5,5,20,0,-5,10,5,0,10,10,5,-5,5,0,10,-5,10,0,0,10,0,20,5,-10,20,10,10,5,250,1,2,81,6,100,30,12,100,18,34,8,9,16,100
127,Slytherin,1,female,1,Pure-blood,0,-5,20,10,-5,5,10,5,20,0,0,10,0,0,10,5,0,5,10,20,0,5,5,0,5,10,20,5,0,10,5,0,5,5,-5,0,0,-5,0,10,195,2,70,78,84,3,85,10,49,59,50,100,40,85,57.97887022030608
133,Slytherin,3,female,5,Pure-blood,0,10,-5,10,0,-5,5,0,10,5,5,20,5,5,0,20,10,10,0,0,0,10,5,-5,10,5,5,-5,10,20,0,5,5,20,20,5,10,10,0,0,235,4,63,100,92,77,50,100,47,54,59,70,73,97,82.56363641067287
153,Slytherin,2,female,2,Pure-blood,5,5,5,0,10,5,0,10,20,5,5,5,5,0,-5,5,-5,20,10,5,5,5,5,0,10,10,0,5,0,0,10,0,20,10,20,0,5,0,20,-5,230,4,92,100,100,24,31,55,100,62,48,57,100,80,100
164,Slytherin,3,female,4,Half-blood,5,0,0,20,5,5,10,0,-5,5,20,0,0,5,0,5,0,5,5,20,5,5,5,5,5,10,10,0,20,5,10,10,5,-5,5,5,0,20,5,0,230,4,65,100,33,63,90,71,97,90,51,100,43,70,89.87668607079655
167,Slytherin,1,female,4,Pure-blood,20,10,10,0,5,0,5,10,5,20,10,-5,10,5,10,-5,-5,0,0,10,5,-10,-5,10,20,0,20,10,5,10,10,5,5,10,10,10,5,0,20,10,265,3,100,71,78,42,94,48,50,36,77,34,54,17,93.15501618066855
171,Slytherin,7,female,2,Pure-blood,0,-5,5,20,0,5,5,0,10,5,5,0,20,20,5,0,10,0,5,-5,10,20,-5,10,10,5,0,5,20,10,-5,0,10,10,10,0,0,5,0,10,230,3,62,99,81,97,76,21,58,28,32,100,29,65,50.985685081959744
174,Slytherin,1,female,1,Pure-blood,20,5,5,10,0,5,5,10,5,-5,10,10,-10,5,0,5,5,5,0,0,10,10,20,5,20,5,10,-5,10,5,0,5,5,5,5,20,10,20,0,5,255,3,72,100,62,70,76,98,97,84,32,47,81,48,71.26443717691937
175,Slytherin,6,female,4,Pure-blood,10,20,0,0,10,10,20,0,5,10,10,5,10,5,0,20,0,20,0,10,20,0,0,5,5,10,20,-5,0,10,-5,5,10,0,-5,0,5,0,0,5,245,3,98,100,38,100,41,62,66,8,64,56,72,100,94.66644921235157
180,Slytherin,7,female,2,Pure-blood,5,10,10,5,0,5,20,0,20,10,5,10,20,10,5,5,0,5,10,5,0,0,0,10,5,5,0,5,-5,10,0,0,5,0,0,0,5,10,20,10,240,3,81,100,74,41,44,45,55,56,56,73,89,52,68.43175177775662
182,Slytherin,3,female,5,Half-blood,5,-5,5,-5,20,-10,5,5,5,5,5,10,-5,5,0,20,5,20,0,10,-5,10,5,20,5,5,5,0,0,0,0,0,10,0,5,20,0,5,5,0,190,2,36,100,100,57,35,66,15,49,69,40,26,25,50.92437325628798
185,Slytherin,6,female,5,Pure-blood,-5,5,-5,5,0,10,5,20,0,0,10,0,20,10,0,10,0,10,10,-10,0,10,-5,5,20,5,-5,5,5,5,5,20,0,0,0,20,0,20,10,10,225,2,32,84,22,25,21,48,43,39,38,19,13,24,41.64104660827041
186,Slytherin,4,female,4,Half-blood,20,0,-5,10,20,10,10,5,0,0,-5,10,0,0,10,0,0,10,5,0,10,5,-5,20,0,5,-5,5,10,20,0,10,-10,0,5,-5,10,-5,5,5,180,5,100,100,100,78,84,100,100,100,87,92,83,100,100
192,Slytherin,6,female,5,Pure-blood,0,20,0,5,0,5,0,20,0,0,0,20,10,5,0,0,10,5,0,5,-5,10,0,-5,-5,10,5,0,10,0,10,0,0,10,10,5,0,-5,20,0,175,2,43,100,76,40,26,44,38,85,20,53,61,47,31.40545559665138
201,Slytherin,5,female,1,Pure-blood,10,5,-5,10,-5,5,5,5,5,0,10,5,5,10,5,0,5,5,-5,0,5,0,5,20,-5,0,5,20,10,0,10,10,5,5,-10,20,5,10,10,10,210,3,57,100,54,55,70,76,94,49,71,39,89,55,53.64814351887113
208,Slytherin,2,female,3,Pure-blood,10,0,0,10,20,5,20,0,0,-5,5,10,20,-5,0,5,10,-5,10,5,10,10,20,0,0,5,10,5,0,-5,5,10,0,20,20,0,0,-10,20,20,255,2,36,85,28,30,85,56,28,54,54,81,84,100,52.53333178318384
209,Slytherin,3,female,1,Pure-blood,-5,20,10,10,10,5,0,5,0,5,-5,5,20,0,0,5,10,10,5,10,5,0,5,-5,-5,0,10,-5,5,0,-20,0,20,10,10,5,0,20,-5,5,175,4,100,100,93,100,86,71,46,42,51,100,88,96,100
224,Slytherin,1,female,2,Pure-blood,0,5,20,5,10,10,0,20,20,5,5,20,0,20,0,0,0,5,0,0,5,10,5,10,0,20,5,20,5,5,10,20,0,0,0,10,10,20,20,0,320,3,100,73,74,50,71,55,68,2,61,38,42,74,64.00932813464952
225,Slytherin,7,female,5,Pure-blood,0,5,-5,20,-5,0,0,5,0,20,5,5,5,10,0,0,0,5,5,20,5,5,5,5,-5,10,20,0,-5,5,10,5,10,-5,10,0,-10,5,5,0,170,3,55,100,58,92,42,55,100,100,54,49,22,73,52.40286661347399
235,Slytherin,3,female,2,Pure-blood,20,-5,5,5,10,0,20,5,-5,10,0,0,5,10,10,5,5,0,5,20,10,10,5,0,0,5,0,5,5,5,10,-5,10,5,5,5,0,5,5,-5,205,1,13,100,22,48,54,29,11,17,9,100,3,100,4.186766175308833
245,Slytherin,5,female,3,Pure-blood,5,5,0,5,10,5,10,0,5,20,5,5,5,5,10,5,20,10,0,5,5,5,5,10,0,10,10,10,0,5,10,0,5,-5,5,5,10,-5,20,5,245,2,16,100,41,19,49,30,58,85,79,44,38,48,6.483288562037991
247,Slytherin,5,female,5,Pure-blood,0,20,0,5,5,10,5,5,0,10,-5,5,10,0,0,20,-5,0,5,5,10,5,0,20,5,10,5,0,5,5,-5,5,5,0,0,0,-5,20,0,-5,175,4,84,100,86,54,28,73,66,100,100,41,89,100,70.07313125306777
252,Slytherin,3,female,3,Pure-blood,5,0,5,10,5,0,5,5,5,5,0,20,0,0,0,0,20,5,0,5,20,10,5,-5,20,5,5,20,10,5,10,5,-5,0,5,10,0,-5,10,10,230,2,46,100,40,60,38,21,49,41,100,85,10,30,47.799917706341986
260,Slytherin,4,female,3,Pure-blood,0,10,-5,5,5,0,5,5,10,0,0,10,5,5,5,5,0,5,10,0,5,5,0,5,5,5,-5,20,5,0,0,5,20,10,0,5,5,0,20,0,190,3,87,100,55,100,64,37,89,13,76,87,38,29,94.70279813127208
